Város,Keleti hosszúság,Északi szélesség
Aba,47.03433333,18.52483333
Abádszalók,47.47466667,20.599
Abaliget,46.14383333,18.11816667
Abasár,47.80066667,20.00833333
Abaújalpár,48.30616667,21.23566667
Abaújkér,48.30783333,21.20133333
Abaújlak,48.40583333,20.9575
Abaújszántó,48.279,21.18633333
Abaújszolnok,48.3725,20.97716667
Abaújvár,48.5265,21.3165
Abda,47.6965,17.54416667
Abod,48.39333333,20.79416667
Abony,47.19266667,20.012
Ábrahámhegy,46.816,17.57266667
Ács,47.71283333,18.01566667
Acsa,47.79516667,19.38833333
Acsád,47.32733333,16.73366667
Acsalag,47.67533333,17.19983333
Ácsteszér,47.40666667,18.00366667
Adács,47.69216667,19.98316667
Ádánd,46.85616667,18.15866667
Adásztevel,47.30433333,17.54116667
Adony,47.123,18.8645
Adorjánháza,47.24083333,17.24116667
Adorjás,45.85083333,18.06483333
Ág,46.29583333,18.20466667
Ágasegyháza,46.8405,19.45366667
Ágfalva,47.69116667,16.51716667
Aggtelek,48.46833333,20.507
Agyagosszergény,47.60983333,16.94283333
Ajak,48.17916667,22.05433333
Ajka,47.099,17.56166667
Aka,47.40466667,18.0715
Akasztó,46.69166667,19.2065
Alacska,48.21733333,20.65383333
Alap,46.80783333,18.68916667
Alattyán,47.42683333,20.04416667
Albertirsa,47.24166667,19.61783333
Alcsútdoboz,47.42816667,18.60416667
Aldebrő,47.79016667,20.23216667
Algyő,46.33516667,20.207
Alibánfa,46.88416667,16.92316667
Almamellék,46.1575,17.87533333
Almásfüzitő,47.728,18.256
Almásháza,46.8435,17.04983333
Almáskamarás,46.462,21.09016667
Almáskeresztúr,46.12066667,17.89916667
Álmosd,47.415,21.98016667
Alsóberecki,48.3435,21.69116667
Alsóbogát,46.51133333,17.7505
Alsódobsza,48.1805,21.00366667
Alsógagy,48.40666667,21.02433333
Alsómocsolád,46.314,18.25
Alsónána,46.25083333,18.65983333
Alsónémedi,47.31483333,19.162
Alsónemesapáti,46.8545,16.9395
Alsónyék,46.203,18.73583333
Alsóörs,46.99016667,17.9755
Alsópáhok,46.76933333,17.1725
Alsópetény,47.8745,19.2465
Alsórajk,46.65533333,16.999
Alsóregmec,48.466,21.61833333
Alsószenterzsébet,46.7445,16.47733333
Alsószentiván,46.79566667,18.73333333
Alsószentmárton,45.79116667,18.30683333
Alsószölnök,46.92816667,16.20216667
Alsószuha,48.37366667,20.50533333
Alsótelekes,48.40883333,20.6565
Alsótold,47.952,19.5995
Alsóújlak,47.08083333,16.85416667
Alsóvadász,48.23966667,20.90683333
Alsózsolca,48.075,20.88183333
Ambrózfalva,46.35033333,20.73283333
Anarcs,48.17733333,22.1085
Andocs,46.6495,17.92616667
Andornaktálya,47.85083333,20.41166667
Andrásfa,46.96383333,16.796
Annavölgy,47.6975,18.66916667
Apácatorna,47.11233333,17.296
Apagy,47.958,21.93583333
Apaj,47.11166667,19.09033333
Aparhant,46.332,18.45233333
Apátfalva,46.17466667,20.57916667
Apátistvánfalva,46.897,16.2555
Apátvarasd,46.1865,18.4825
Apc,47.79216667,19.695
Áporka,47.2265,19.01266667
Apostag,46.8835,18.9645
Aranyosapáti,48.2715,22.1825
Aranyosgadány,46.007,18.12183333
Arka,48.357,21.25433333
Arló,48.17716667,20.2575
Arnót,48.12916667,20.85966667
Ároktő,47.72916667,20.9445
Árpádhalom,46.6165,20.54966667
Árpás,47.51233333,17.39766667
Ártánd,47.12416667,21.761
Ásotthalom,46.199,19.7845
Ásványráró,47.8295,17.49966667
Aszaló,48.22216667,20.96083333
Aszód,47.65116667,19.48766667
Aszófő,46.93,17.83283333
Áta,45.9365,18.29966667
Átány,47.61616667,20.36333333
Atkár,47.71866667,19.8915
Attala,46.37766667,18.0675
Babarc,46.00183333,18.55766667
Babarcszőlős,45.8995,18.13816667
Babócsa,46.03666667,17.34466667
Bábolna,47.64416667,17.98016667
Bábonymegyer,46.74883333,18.116
Babosdöbréte,46.81383333,16.77916667
Babót,47.57533333,17.07966667
Bácsalmás,46.12916667,19.3285
Bácsbokod,46.12616667,19.157
Bácsborsód,46.0975,19.15816667
Bácsszentgyörgy,45.976,19.0415
Bácsszőlős,46.13533333,19.42383333
Badacsonytomaj,46.80866667,17.51333333
Badacsonytördemic,46.81066667,17.474
Bag,47.634,19.48366667
Bagamér,47.45,21.99366667
Baglad,46.68083333,16.48633333
Bagod,46.8785,16.75183333
Bágyogszovát,47.58516667,17.36733333
Baj,47.64916667,18.36583333
Baja,46.18666667,18.96116667
Bajánsenye,46.80166667,16.38583333
Bajna,47.64916667,18.59366667
Bajót,47.72316667,18.5535
Bak,46.73116667,16.846
Bakháza,46.10616667,17.36
Bakóca,46.207,17.99466667
Bakonszeg,47.18916667,21.44433333
Bakonya,46.08566667,18.08366667
Bakonybánk,47.4645,17.90383333
Bakonybél,47.25283333,17.72933333
Bakonycsernye,47.32316667,18.0945
Bakonygyirót,47.41766667,17.80366667
Bakonyjákó,47.227,17.60333333
Bakonykoppány,47.3305,17.68716667
Bakonykúti,47.24633333,18.19733333
Bakonynána,47.278,17.9735
Bakonyoszlop,47.345,17.92433333
Bakonypéterd,47.46516667,17.79716667
Bakonypölöske,47.20916667,17.49033333
Bakonyság,47.4,17.65083333
Bakonysárkány,47.44783333,18.1035
Bakonyszentiván,47.38983333,17.6695
Bakonyszentkirály,47.36333333,17.8815
Bakonyszentlászló,47.38883333,17.80083333
Bakonyszombathely,47.4715,17.96183333
Bakonyszücs,47.3435,17.68266667
Bakonytamási,47.41083333,17.732
Baks,46.55166667,20.109
Baksa,45.9565,18.09233333
Baktakék,48.37483333,21.0325
Baktalórántháza,47.9995,22.08416667
Baktüttös,46.69933333,16.81733333
Balajt,48.32066667,20.78516667
Balassagyarmat,48.07466667,19.29616667
Balástya,46.42283333,20.01016667
Balaton,48.09433333,20.30533333
Balatonakali,46.883,17.75816667
Balatonalmádi,47.03116667,18.012
Balatonberény,46.71066667,17.32316667
Balatonboglár,46.77383333,17.6605
Balatoncsicsó,46.92766667,17.66966667
Balatonederics,46.806,17.3815
Balatonendréd,46.839,17.9745
Balatonfenyves,46.7115,17.47833333
Balatonfőkajár,47.02066667,18.21333333
Balatonföldvár,46.85216667,17.881
Balatonfüred,46.958,17.88733333
Balatonfűzfő,47.0675,18.0385
Balatongyörök,46.7615,17.357
Balatonhenye,46.91266667,17.6165
Balatonkenese,47.0365,18.1095
Balatonkeresztúr,46.7005,17.37666667
Balatonlelle,46.782,17.70166667
Balatonmagyaród,46.59516667,17.17766667
Balatonmáriafürdő,46.70316667,17.404
Balatonőszöd,46.80783333,17.801
Balatonrendes,46.8275,17.58266667
Balatonszabadi,46.8915,18.13316667
Balatonszárszó,46.82933333,17.83516667
Balatonszemes,46.80833333,17.77616667
Balatonszentgyörgy,46.691,17.302
Balatonszepezd,46.85433333,17.663
Balatonszőlős,46.966,17.82716667
Balatonudvari,46.90133333,17.8025
Balatonújlak,46.67416667,17.38616667
Balatonvilágos,46.97466667,18.16633333
Balinka,47.31316667,18.19233333
Balkány,47.77,21.85816667
Ballószög,47.03416667,19.40833333
Balmazújváros,47.61433333,21.343
Balogunyom,47.159,16.65033333
Balotaszállás,46.35166667,19.54183333
Balsa,48.174,21.53166667
Bálványos,46.781,17.95316667
Bana,47.64933333,17.91983333
Bánd,47.12166667,17.786
Bánfa,45.99383333,17.88166667
Bánhorváti,48.22883333,20.50316667
Bánk,47.92366667,19.17583333
Bánokszentgyörgy,46.549,16.78433333
Bánréve,48.29883333,20.35583333
Bár,46.0525,18.7165
Barabás,48.23116667,22.42866667
Baracs,46.914,18.868
Baracska,47.281,18.75716667
Báránd,47.2555,21.28066667
Baranyahidvég,45.847,18.025
Baranyajenő,46.27183333,18.04266667
Baranyaszentgyörgy,46.246,18.00866667
Barbacs,47.64583333,17.29583333
Barcs,45.96,17.45833333
Bárdudvarnok,46.32833333,17.69133333
Barlahida,46.71616667,16.70166667
Bárna,48.0995,19.93583333
Barnag,46.98,17.7495
Bársonyos,47.50883333,17.91866667
Basal,46.07416667,17.7835
Baskó,48.3425,21.33683333
Báta,46.13,18.7725
Bátaapáti,46.22316667,18.60083333
Bátaszék,46.19466667,18.72216667
Baté,46.35783333,17.9645
Bátmonostor,46.1045,18.92683333
Bátonyterenye,47.9925,19.82633333
Bátor,47.99016667,20.264
Bátorliget,47.75933333,22.27183333
Battonya,46.2885,21.01933333
Bátya,46.486,18.9535
Batyk,46.991,17.03483333
Bázakerettye,46.52533333,16.7315
Bazsi,46.9325,17.24533333
Béb,47.34466667,17.60083333
Becsehely,46.45033333,16.796
Becske,47.91116667,19.378
Becskeháza,48.52933333,20.83716667
Becsvölgye,46.75816667,16.68883333
Bedegkér,46.651,18.06166667
Bedő,47.16383333,21.7515
Bejcgyertyános,47.1505,16.92366667
Békás,47.33333333,17.3525
Bekecs,48.152,21.1735
Békés,46.77283333,21.1335
Békéscsaba,46.677,21.08516667
Békéssámson,46.4225,20.62
Békésszentandrás,46.871,20.48416667
Bekölce,48.0805,20.27133333
Bélapátfalva,48.055,20.35233333
Bélavár,46.121,17.21766667
Belecska,46.64233333,18.41566667
Beled,47.4665,17.09666667
Beleg,46.31583333,17.4145
Belezna,46.32966667,16.93916667
Bélmegyer,46.87216667,21.18466667
Beloiannisz,47.1835,18.825
Belsősárd,46.64333333,16.47283333
Belvárdgyula,45.974,18.43283333
Benk,48.30066667,22.2315
Bénye,47.355,19.54433333
Bér,47.864,19.50533333
Bérbaltavár,47.0145,16.97116667
Bercel,47.87266667,19.40683333
Beregdaróc,48.1995,22.52583333
Beregsurány,48.16283333,22.54883333
Berekböszörmény,47.06216667,21.68116667
Berekfürdő,47.38233333,20.83666667
Beremend,45.78866667,18.43416667
Berente,48.2355,20.6665
Beret,48.34516667,21.02383333
Berettyóújfalu,47.2255,21.5375
Berhida,47.11866667,18.1365
Berkenye,47.88933333,19.0725
Berkesd,46.0755,18.41133333
Berkesz,48.09716667,21.96266667
Bernecebaráti,48.0365,18.91716667
Berzék,48.0275,20.98233333
Berzence,46.21066667,17.152
Besence,45.89533333,17.96833333
Besenyőd,47.964,22.0085
Besenyőtelek,47.69983333,20.4325
Besenyszög,47.29816667,20.26166667
Besnyő,47.19116667,18.79566667
Beszterec,48.16033333,21.839
Bezedek,45.86483333,18.5865
Bezenye,47.9605,17.21616667
Bezeréd,46.86966667,17.01383333
Bezi,47.67466667,17.39183333
Biatorbágy,47.47133333,18.81883333
Bicsérd,46.02333333,18.07966667
Bicske,47.489,18.63433333
Bihardancsháza,47.22933333,21.31733333
Biharkeresztes,47.12933333,21.72233333
Biharnagybajom,47.17316667,21.28516667
Bihartorda,47.216,21.35633333
Biharugra,46.97033333,21.5985
Bikács,46.67733333,18.667
Bikal,46.33216667,18.28683333
Biri,47.81733333,21.85666667
Birján,46.0,18.37716667
Bisse,45.9095,18.26283333
Boba,47.1845,17.18866667
Bocfölde,46.78016667,16.84283333
Boconád,47.64216667,20.1925
Bócsa,46.61483333,19.48283333
Bocska,46.55483333,16.91516667
Bocskaikert,47.65066667,21.652
Boda,46.081,18.05016667
Bodajk,47.322,18.23216667
Bodmér,47.4505,18.53733333
Bodolyabér,46.19766667,18.12
Bodonhely,47.56416667,17.40766667
Bodony,47.943,20.024
Bodorfa,47.07683333,17.3445
Bodrog,46.47516667,17.65916667
Bodroghalom,48.3,21.70683333
Bodrogkeresztúr,48.159,21.36066667
Bodrogkisfalud,48.1735,21.36283333
Bodrogolaszi,48.285,21.51683333
Bódvalenke,48.54216667,20.80466667
Bódvarákó,48.50933333,20.7385
Bódvaszilas,48.53733333,20.73283333
Bogács,47.90233333,20.534
Bogád,46.08633333,18.32516667
Bogádmindszent,45.907,18.04483333
Bogdása,45.87766667,17.7925
Bogyiszló,46.38483333,18.82383333
Bogyoszló,47.5605,17.187
Bojt,47.19366667,21.73366667
Bókaháza,46.775,17.106
Bokod,47.49116667,18.25283333
Bokor,47.932,19.5415
Boldog,47.601,19.6915
Boldogasszonyfa,46.18416667,17.84016667
Boldogkőújfalu,48.318,21.24283333
Boldogkőváralja,48.34,21.23783333
Boldva,48.2185,20.78833333
Bolhás,46.26683333,17.26983333
Bolhó,46.04133333,17.304
Bóly,45.96733333,18.51866667
Boncodfölde,46.86983333,16.73816667
Bonyhád,46.3,18.52566667
Bonyhádvarasd,46.37083333,18.48033333
Bonnya,46.596,17.90433333
Bordány,46.31983333,19.92316667
Borgáta,47.16233333,17.082
Borjád,45.93666667,18.4715
Borota,46.26683333,19.22366667
Borsfa,46.50533333,16.78316667
Borsodbóta,48.21133333,20.39816667
Borsodgeszt,47.95683333,20.69466667
Borsodivánka,47.70016667,20.6385
Borsodnádasd,48.1225,20.24583333
Borsodszentgyörgy,48.18783333,20.20466667
Borsodszirák,48.26433333,20.76833333
Borsosberény,47.976,19.1115
Borszörcsök,47.13466667,17.40516667
Borzavár,47.29316667,17.83566667
Bosta,45.95,18.21366667
Botpalád,47.98566667,22.73266667
Botykapeterd,46.05016667,17.86866667
Bozzai,47.20883333,16.76433333
Bozsok,47.32883333,16.49233333
Bózsva,48.4755,21.47
Bő,47.36833333,16.816
Bőcs,48.04483333,20.95816667
Böde,46.8385,16.7195
Bödeháza,46.64983333,16.39533333
Bögöt,47.25216667,16.83216667
Bögöte,47.0845,17.048
Böhönye,46.4105,17.395
Bököny,47.9025,21.7275
Bölcske,46.74,18.96433333
Bőny,47.652,17.8695
Börcs,47.68516667,17.50133333
Börzönce,46.58016667,16.88933333
Bősárkány,47.6915,17.25033333
Bőszénfa,46.23633333,17.852
Bucsa,47.204,20.99783333
Bucsu,47.264,16.49316667
Bucsuszentlászló,46.78933333,16.93533333
Bucsuta,46.56533333,16.837
Budajenő,47.5565,18.8035
Budakalász,47.623,19.05016667
Budakeszi,47.51383333,18.93383333
Budaörs,47.45883333,18.9625
Budapest,47.4825,19.15933333
Bugac,46.68833333,19.68166667
Bugacpusztaháza,46.702,19.6345
Bugyi,47.22666667,19.14866667
Buj,48.101,21.64083333
Buják,47.88266667,19.54433333
Buzsák,46.64216667,17.584
Bük,47.38716667,16.75266667
Bükkábrány,47.88933333,20.68216667
Bükkaranyos,47.98516667,20.78333333
Bükkmogyorósd,48.1295,20.35616667
Bükkösd,46.11233333,18.00083333
Bükkszék,47.98883333,20.17716667
Bükkszenterzsébet,48.053,20.14966667
Bükkszentkereszt,48.06766667,20.63333333
Bükkszentmárton,48.0715,20.333
Bükkzsérc,47.959,20.50333333
Bürüs,45.966,17.76183333
Büssü,46.4575,17.96533333
Büttös,48.47866667,21.01483333
Cák,47.35733333,16.51633333
Cakóháza,47.69666667,17.28733333
Cece,46.773,18.62916667
Cégénydányád,47.936,22.5485
Cegléd,47.17083333,19.7985
Ceglédbercel,47.22333333,19.67033333
Celldömölk,47.25783333,17.153
Cered,48.14583333,19.9655
Chernelházadamonya,47.36166667,16.8385
Cibakháza,46.95533333,20.204
Cigánd,48.25733333,21.88883333
Cikó,46.25266667,18.55916667
Cirák,47.47866667,17.02983333
Cún,45.812,18.06966667
Csabacsűd,46.82483333,20.652
Csabaszabadi,46.57583333,20.953
Csabdi,47.52233333,18.61083333
Csabrendek,47.03233333,17.291
Csáfordjánosfa,47.4155,16.951
Csaholc,47.98566667,22.73266667
Csajág,47.04383333,18.1855
Csákány,46.5365,17.27533333
Csákánydoroszló,46.9775,16.5095
Csákberény,47.35183333,18.32783333
Csákvár,47.3955,18.4695
Csanádalberti,46.32683333,20.7085
Csanádapáca,46.542,20.8865
Csanádpalota,46.24116667,20.7265
Csánig,47.43116667,17.027
Csány,47.648,19.8305
Csányoszró,45.88183333,17.91316667
Csanytelek,46.60116667,20.11616667
Csapi,46.52916667,17.09
Csapod,47.519,16.92766667
Csárdaszállás,46.86466667,20.937
Csarnóta,45.89583333,18.219
Csaroda,48.16233333,22.45916667
Császár,47.502,18.14316667
Császártöltés,46.42466667,19.182
Császló,47.91616667,22.7245
Csátalja,46.03466667,18.94716667
Csatár,46.779,16.87283333
Csataszög,47.28333333,20.38383333
Csatka,47.37683333,17.97633333
Csávoly,46.19166667,19.1475
Csebény,46.19066667,17.93033333
Csécse,47.86733333,19.62383333
Csegöld,47.87983333,22.76466667
Csehbánya,47.18083333,17.6855
Csehi,47.03633333,16.94633333
Csehimindszent,47.048,16.9555
Csém,47.6825,18.0845
Csemő,47.11616667,19.69533333
Csempeszkopács,47.1565,16.80833333
Csengele,46.54233333,19.86533333
Csenger,47.83733333,22.67616667
Csengersima,48.05516667,22.79533333
Csengerújfalu,47.807,22.627
Csengőd,46.71666667,19.26616667
Csénye,47.23733333,16.86933333
Csenyéte,48.43416667,21.04216667
Csép,47.57733333,18.06366667
Csépa,46.80216667,20.1325
Csepreg,47.40266667,16.711
Csér,47.41766667,16.93216667
Cserdi,46.0815,17.9915
Cserénfa,46.30783333,17.8815
Cserépfalu,47.94166667,20.5365
Cserépváralja,47.93183333,20.56066667
Cserháthaláp,47.97916667,19.38083333
Cserhátsurány,47.97783333,19.42583333
Cserhátszentiván,47.93983333,19.58216667
Cserkeszőlő,46.86633333,20.20916667
Cserkút,46.07666667,18.13633333
Csernely,48.14316667,20.33883333
Cserszegtomaj,46.8065,17.2345
Csertalakos,46.64216667,16.69983333
Csertő,46.09333333,17.80333333
Csesznek,47.353,17.8865
Csesztreg,46.7145,16.51733333
Csesztve,48.0165,19.28133333
Csetény,47.31616667,18.00016667
Csévharaszt,47.296,19.42783333
Csibrák,46.46683333,18.34666667
Csikéria,46.11483333,19.47966667
Csikóstőttős,46.342,18.15816667
Csikvánd,47.46883333,17.4545
Csincse,47.8885,20.77016667
Csipkerek,47.074,16.94466667
Csitár,48.05366667,19.43183333
Csobád,48.28133333,21.02733333
Csobaj,48.0485,21.33883333
Csobánka,47.6455,18.96833333
Csókakő,47.35483333,18.27283333
Csokonyavisonta,46.079,17.4465
Csokvaomány,48.166,20.37483333
Csolnok,47.69316667,18.71583333
Csólyospálos,46.41966667,19.83766667
Csoma,46.372,18.051
Csomád,47.65533333,19.23666667
Csombárd,46.4525,17.6705
Csongrád,46.7135,20.14233333
Csonkahegyhát,46.80116667,16.7205
Csonkamindszent,46.0545,17.969
Csopak,46.977,17.92733333
Csór,47.205,18.25566667
Csorna,47.61316667,17.25433333
Csorvás,46.63133333,20.83366667
Csót,47.3605,17.6035
Csöde,46.81883333,16.534
Csögle,47.2175,17.25733333
Csökmő,47.02966667,21.292
Csököly,46.29983333,17.55866667
Csömend,46.57083333,17.49183333
Csömödér,46.60966667,16.64066667
Csömör,47.54666667,19.22933333
Csönge,47.35133333,17.06566667
Csörnyeföld,46.501,16.63433333
Csörötnek,46.95083333,16.37533333
Csősz,47.03766667,18.41716667
Csővár,47.81366667,19.32533333
Csurgó,46.25666667,17.098
Csurgónagymarton,46.29516667,17.08283333
Dabas,47.1815,19.31583333
Dabronc,47.03083333,17.16816667
Dabrony,47.24366667,17.32816667
Dad,47.5195,18.22683333
Dág,47.66433333,18.72083333
Dáka,47.28666667,17.42483333
Dalmand,46.49116667,18.1925
Damak,48.3175,20.82233333
Dámóc,48.37716667,22.04133333
Dánszentmiklós,47.211,19.551
Dány,47.51916667,19.54616667
Daraboshegy,46.96016667,16.57066667
Darány,45.98233333,17.59066667
Darnó,47.9585,22.66266667
Darnózseli,47.85,17.4265
Darvas,47.1015,21.339
Dávod,45.99866667,18.92166667
Debercsény,47.964,19.31916667
Debrecen,47.52883333,21.63716667
Debréte,48.5005,20.86716667
Decs,46.28416667,18.75816667
Dédestapolcsány,48.18016667,20.48566667
Dég,46.87366667,18.44616667
Dejtár,48.0385,19.172
Délegyháza,47.25216667,19.06833333
Demecser,48.108,21.92033333
Demjén,47.83083333,20.3355
Dencsháza,45.99366667,17.83766667
Dénesfa,47.456,17.03266667
Derecske,47.35216667,21.5645
Derekegyház,46.58266667,20.3575
Deszk,46.217,20.24383333
Detek,48.33416667,21.019
Detk,47.74966667,20.09883333
Dévaványa,47.02883333,20.96233333
Devecser,47.10616667,17.43733333
Dinnyeberki,46.09866667,17.95833333
Diósberény,46.53333333,18.4445
Diósd,47.4095,18.95033333
Diósjenő,47.9435,19.0465
Dióskál,46.67333333,17.05633333
Diósviszló,45.8775,18.16833333
Doba,47.16533333,17.376
Dobogókő,47.7195,18.90283333
Doboz,46.73583333,21.2455
Dobri,46.5165,16.58233333
Dobronhegy,46.82066667,16.75233333
Dóc,46.4375,20.13783333
Domaháza,48.18216667,20.10566667
Domaszék,46.24483333,20.00483333
Dombegyház,46.33883333,21.13283333
Dombiratos,46.42233333,21.11666667
Dombóvár,46.39916667,18.62266667
Dombrád,48.22883333,21.9225
Domony,47.65583333,19.435
Domoszló,47.83,20.1155
Dormánd,47.71966667,20.42083333
Dorog,47.72733333,18.732
Dorogháza,47.9875,19.90316667
Dozmat,47.23466667,16.51216667
Döbörhegy,46.99116667,16.70383333
Döbröce,46.937,17.18933333
Döbrököz,46.42316667,18.2425
Döbrönte,47.2295,17.5485
Döge,48.261,22.0735
Dömös,47.76333333,18.91333333
Dömsöd,47.09116667,19.01316667
Dör,47.5985,17.30116667
Dörgicse,46.9225,17.7255
Döröske,47.01266667,16.7005
Dötk,46.944,17.00933333
Dövény,48.34883333,20.54616667
Drágszél,46.46766667,19.03866667
Drávacsehi,45.81233333,18.167
Drávacsepely,45.8305,18.13916667
Drávafok,45.88633333,17.7655
Drávagárdony,45.94483333,17.60683333
Drávaiványi,45.847,17.8185
Drávakeresztúr,45.83916667,17.761
Drávapalkonya,45.80366667,18.181
Drávapiski,45.84116667,18.1015
Drávaszabolcs,45.80483333,18.21233333
Drávaszerdahely,45.83683333,18.16533333
Drávasztára,45.82266667,17.8235
Drávatamási,45.94266667,17.5735
Drégelypalánk,48.0515,19.0555
Dubicsány,48.2845,20.4935
Dudar,47.31116667,17.946
Duka,47.08783333,16.61733333
Dunaalmás,47.73333333,18.331
Dunabogdány,47.79333333,19.03416667
Dunaegyháza,46.83983333,18.961
Dunafalva,46.08333333,18.77933333
Dunaföldvár,46.78816667,18.92416667
Dunaharaszti,47.3555,19.09716667
Dunakeszi,47.63283333,19.14116667
Dunakiliti,47.96616667,17.28866667
Dunapataj,46.6445,19.0005
Dunaremete,47.87683333,17.43883333
Dunaszeg,47.76916667,17.54166667
Dunaszekcső,46.087,18.76
Dunaszentbenedek,46.595,18.89433333
Dunaszentgyörgy,46.52766667,18.817
Dunaszentmiklós,47.70216667,18.37783333
Dunaszentpál,47.77633333,17.504
Dunasziget,47.93883333,17.35266667
Dunatetétlen,46.7585,19.0955
Dunaújváros,46.96716667,18.9355
Dunavarsány,47.2795,19.0685
Dunavecse,46.915,18.97283333
Dusnok,46.39,18.95933333
Dúzs,46.49133333,18.3815
Ebergőc,47.5645,16.8135
Ebes,47.47116667,21.49083333
Écs,47.56116667,17.70466667
Ecséd,47.73216667,19.7705
Ecseg,47.89866667,19.60666667
Ecsegfalva,47.146,20.92566667
Ecseny,46.5545,17.85783333
Ecser,47.4415,19.32016667
Edde,46.52466667,17.718
Edelény,48.31816667,20.7575
Edve,47.4555,17.13716667
Eger,47.90066667,20.37916667
Egerág,45.983,18.30683333
Egeralja,47.2365,17.24183333
Egeraracsa,46.67033333,17.08066667
Egerbakta,47.9345,20.2925
Egerbocs,48.02666667,20.26066667
Egercsehi,48.05433333,20.25733333
Egerfarmos,47.71933333,20.5395
Egerlövő,47.71983333,20.61916667
Egerszalók,47.87383333,20.3255
Egerszólát,47.89183333,20.27016667
Égerszög,48.44366667,20.58816667
Egervár,46.9435,16.84633333
Egervölgy,47.1205,16.9065
Egyed,47.51733333,17.3415
Egyek,47.62733333,20.89233333
Egyházasdengeleg,47.798,19.55766667
Egyházasfalu,47.46383333,16.76783333
Egyházasgerge,48.18033333,19.649
Egyházasharaszti,45.81033333,18.336
Egyházashetye,47.17016667,17.12116667
Egyházashollós,47.05633333,16.696
Egyházaskesző,47.41666667,17.331
Egyházaskozár,46.331,18.31916667
Egyházasrádóc,47.08783333,16.61733333
Elek,46.53,21.254
Ellend,46.05716667,18.37833333
Előszállás,46.832,18.82316667
Emőd,47.9365,20.816
Encs,48.33116667,21.1195
Encsencs,47.74166667,22.1175
Endrefalva,48.12716667,19.57783333
Endrőc,45.92866667,17.769
Enese,47.64366667,17.42216667
Enying,46.92433333,18.2485
Eperjes,46.70933333,20.56333333
Eperjeske,48.34633333,22.21366667
Eplény,47.212,17.91466667
Epöl,47.646,18.642
Ercsi,47.2495,18.89533333
Érd,47.3955,18.91033333
Erdőbénye,48.26516667,21.353
Erdőhorváti,48.31483333,21.42816667
Erdőkertes,47.67233333,19.31366667
Erdőkövesd,48.038,20.10433333
Erdőkürt,47.77383333,19.46016667
Erdősmárok,46.0575,18.54783333
Erdősmecske,46.17516667,18.51333333
Erdőtarcsa,47.7645,19.54083333
Erdőtelek,47.68666667,20.3125
Erk,47.61016667,20.07866667
Érpatak,47.80966667,21.762
Érsekcsanád,46.253,18.98466667
Érsekhalma,46.34866667,19.12466667
Érsekvadkert,47.99933333,19.20033333
Értény,46.61433333,18.13616667
Erzsébet,46.10033333,18.46133333
Esztár,47.28366667,21.77416667
Eszteregnye,46.47383333,16.885
Esztergályhorváti,46.70233333,17.11066667
Esztergom,47.78933333,18.74366667
Ete,47.53066667,18.07333333
Etes,48.11083333,19.7195
Etyek,47.44616667,18.75016667
Fábiánháza,47.84383333,22.35666667
Fábiánsebestyén,46.67416667,20.45416667
Fácánkert,46.44683333,18.7385
Fadd,46.46533333,18.82633333
Fáj,48.422,21.0775
Fajsz,46.41783333,18.91966667
Fancsal,48.355,21.066
Farád,47.60516667,17.20333333
Farkasgyepű,47.20366667,17.63366667
Farkaslyuk,48.1835,20.3095
Farmos,47.361,19.84833333
Fazekasboda,46.12316667,18.48783333
Fedémes,48.03433333,20.18866667
Fegyvernek,47.26066667,20.5275
Fehérgyarmat,48.1235,21.942
Fehértó,47.67633333,17.34583333
Fehérvárcsurgó,47.29016667,18.274
Feked,46.163,18.561
Feketeerdő,47.93566667,17.27983333
Felcsút,47.45683333,18.58966667
Feldebrő,47.8125,20.23783333
Felgyő,46.66566667,20.10966667
Felpéc,47.52266667,17.59966667
Felsőberecki,48.36066667,21.69433333
Felsőcsatár,47.21433333,16.44533333
Felsődobsza,48.25866667,21.07833333
Felsőegerszeg,46.25366667,18.1355
Felsőgagy,48.42716667,21.01283333
Felsőjánosfa,46.848,16.55466667
Felsőkelecsény,48.36066667,20.59433333
Felsőlajos,47.06566667,19.4955
Felsőmarác,46.93383333,16.5225
Felsőmocsolád,46.5745,17.826
Felsőnána,46.467,18.5305
Felsőnyárád,48.32866667,20.59916667
Felsőnyék,46.79333333,18.29666667
Felsőörs,47.01533333,17.95416667
Felsőpáhok,46.78583333,17.1585
Felsőpakony,47.3425,19.23866667
Felsőpetény,47.72316667,19.54883333
Felsőrajk,46.679,16.98833333
Felsőregmec,48.4905,21.6065
Felsőszenterzsébet,46.75366667,16.457
Felsőszentiván,46.19633333,19.18933333
Felsőszentmárton,45.8515,17.7075
Felsőszölnök,46.8775,16.16166667
Felsőtárkány,47.974,20.41783333
Felsőtelekes,48.40733333,20.63683333
Felsőtold,47.96816667,19.612
Felsővadász,48.37133333,20.92283333
Felsőzsolca,48.10483333,20.85983333
Fényeslitke,48.27466667,22.10266667
Fenyőfő,47.35066667,17.767
Ferencszállás,46.21616667,20.3565
Fertőboz,47.63683333,16.70166667
Fertőd,47.61966667,16.888
Fertőendréd,47.60633333,16.91066667
Fertőhomok,47.621,16.77016667
Fertőrákos,47.71983333,16.65116667
Fertőszentmiklós,47.5935,16.871
Fertőszéplak,47.61666667,16.83583333
Fiad,46.63416667,17.8425
Filkeháza,48.4945,21.4935
Fityeház,46.37733333,16.90533333
Foktő,46.52783333,18.91966667
Folyás,47.80666667,21.1375
Fonó,46.39783333,17.954
Fony,48.39166667,21.28583333
Fonyód,46.74166667,17.547
Forráskút,46.36433333,19.90933333
Forró,48.32383333,21.08716667
Fót,47.6165,19.19216667
Földeák,46.31883333,20.4945
Földes,47.28933333,21.3685
Főnyed,46.63116667,17.25783333
Fulókércs,48.42883333,21.1075
Furta,47.12883333,21.46216667
Füle,47.05083333,18.24916667
Fülesd,47.9585,22.66266667
Fülöp,47.598,22.05716667
Fülöpháza,46.89283333,19.44533333
Fülöpjakab,46.742,19.7235
Fülöpszállás,46.81983333,19.2375
Fülpösdaróc,47.94083333,22.48116667
Fürged,46.72333333,18.31116667
Füzér,48.5395,21.45683333
Füzérkajata,48.51933333,21.50183333
Füzérkomlós,48.51216667,21.45566667
Füzérradvány,48.48116667,21.53016667
Füzesabony,47.74966667,20.41783333
Füzesgyarmat,47.10483333,21.21483333
Füzvölgy,46.52416667,16.9415
Gáborján,47.2365,21.6625
Gáborjánháza,46.63216667,16.42133333
Gacsály,47.93133333,22.756
Gadács,46.5395,18.00616667
Gadány,46.51666667,17.3895
Gadna,48.40083333,20.92966667
Gádoros,46.6675,20.60016667
Gagyapáti,48.40866667,21.002
Gagybátor,48.43366667,20.95066667
Gagyvendégi,48.42866667,20.9755
Galambok,46.52166667,17.12583333
Galgaguta,47.84766667,19.39
Galgagyörk,47.741,19.37733333
Galgahévíz,47.61983333,19.5605
Galgamácsa,47.6945,19.388
Gálosfa,46.25566667,17.88683333
Galvács,48.43883333,20.96316667
Gamás,46.6195,17.76216667
Ganna,47.2325,17.532
Gánt,47.39116667,18.38766667
Gara,46.03383333,19.04066667
Garáb,47.97783333,19.64166667
Garabonc,46.58816667,17.124
Garadna,48.41933333,21.174
Garbolc,47.945,22.86433333
Gárdony,47.20433333,18.63316667
Garé,45.91916667,18.197
Gasztony,46.96416667,16.4525
Gátér,46.68233333,19.9595
Gávavencsellő,48.16816667,21.58033333
Géberjén,47.93733333,22.46633333
Gecse,47.44683333,17.52883333
Géderlak,46.60766667,18.91533333
Gégény,48.1735,22.34933333
Gelej,47.83033333,20.77666667
Gelénes,48.2005,22.44733333
Gellénháza,46.762,16.78383333
Gelse,46.60133333,16.99166667
Gelsesziget,46.56766667,16.98866667
Gemzse,48.13883333,22.194
Gencsapáti,47.28466667,16.60066667
Gérce,47.217,17.01716667
Gerde,45.9885,18.0275
Gerendás,46.59616667,20.86116667
Gerényes,46.3065,18.18766667
Geresdlak,46.11083333,18.52666667
Gerjen,46.49383333,18.9035
Gersekarát,46.97933333,16.7405
Geszt,46.883,21.58133333
Gesztely,48.422,20.88066667
Geszteréd,47.7605,21.77616667
Gétye,46.76283333,17.0705
Gic,47.4325,17.75266667
Gige,46.3005,17.60883333
Gilvánfa,45.919,17.96333333
Girincs,47.9685,20.98416667
Gógánfa,47.022,17.18816667
Golop,48.23816667,21.1925
Gomba,47.37066667,19.53116667
Gombosszeg,46.75616667,16.72083333
Gór,47.35883333,16.8025
Gordisa,45.79766667,18.23833333
Gosztola,46.58633333,16.53033333
Göd,47.695,19.13716667
Gödöllő,47.601,19.35616667
Gödre,46.28933333,17.96816667
Gölle,46.435,18.01533333
Gömörszőlős,48.37366667,20.42833333
Gönc,48.47166667,21.27266667
Göncruszka,48.4505,21.24166667
Gönyű,47.73283333,17.82933333
Görbeháza,47.81683333,21.236
Görcsöny,45.9705,18.137
Görcsönydoboka,46.0705,18.631
Görgeteg,46.14983333,17.4435
Gősfa,46.96016667,16.85883333
Grábóc,46.29033333,18.60733333
Gulács,48.08716667,22.469
Gutorfölde,46.64416667,16.734
Gyál,47.38566667,19.21966667
Gyalóka,47.44333333,16.69833333
Gyanógeregye,47.12316667,16.76616667
Gyarmat,47.46216667,17.49533333
Gyékényes,46.23683333,17.00916667
Gyenesdiás,46.7715,17.29033333
Gyepükaján,47.04366667,17.32816667
Gyermely,47.59116667,18.644
Gyód,45.9975,18.18066667
Gyomaendrőd,46.932,20.78166667
Gyóró,47.49166667,17.023
Gyömöre,47.49766667,17.568
Gyömrő,47.4265,19.397
Gyöngyfa,45.9615,17.95383333
Gyöngyös,47.78116667,19.92816667
Gyöngyösfalu,47.31616667,16.5885
Gyöngyöshalász,47.74316667,19.9305
Gyöngyösmellék,45.98733333,17.70416667
Gyöngyösoroszi,47.827,19.89266667
Gyöngyöspata,47.81433333,19.791
Gyöngyössolymos,47.81483333,19.93616667
Gyöngyöstarján,47.81283333,19.868
Gyönk,46.55666667,18.47916667
Győr,47.688,17.63283333
Győrasszonyfa,47.49566667,17.8105
Györe,46.29666667,18.4
Györgytarló,48.20733333,21.6335
Györköny,46.63516667,18.698
Győrladamér,47.75466667,17.5635
Győröcske,48.3845,22.15366667
Győrság,47.58066667,17.752
Győrsövényház,47.69083333,17.374
Győrszemere,47.55183333,17.56266667
Győrtelek,47.9345,22.43583333
Győrújbarát,47.60766667,17.64816667
Győrújfalu,47.7245,17.6065
Győrvár,46.98516667,16.84133333
Győrzámoly,47.74233333,17.58166667
Gyugy,46.68783333,17.684
Gyula,46.64616667,21.27983333
Gyulaháza,48.139,22.11133333
Gyulaj,46.5085,18.296
Gyulakeszi,46.86933333,17.482
Gyúró,47.37066667,18.73866667
Gyügye,47.92383333,22.56916667
Gyüre,48.17583333,22.27033333
Gyűrűs,46.88466667,16.99216667
Hács,46.64816667,17.68983333
Hagyárosbörönd,46.908,16.705
Hahót,46.64233333,16.9235
Hajdúbagos,47.3935,21.66616667
Hajdúböszörmény,47.67,21.51316667
Hajdúdorog,47.8165,21.49983333
Hajdúhadház,47.68183333,21.67
Hajdúnánás,47.84516667,21.42983333
Hajdúsámson,47.60216667,21.76416667
Hajdúszoboszló,47.44383333,21.40083333
Hajdúszovát,47.39133333,21.47416667
Hajmás,46.27716667,17.90933333
Hajmáskér,47.146,18.01916667
Hajós,46.39916667,19.1145
Halastó,46.949,16.68716667
Halászi,47.89166667,17.33
Halásztelek,47.36216667,18.9805
Halimba,47.03366667,17.53683333
Halmaj,48.24866667,21.00083333
Halmajugra,47.765,20.05116667
Halogy,46.97133333,16.562
Hangács,48.28983333,20.83266667
Hangony,48.22833333,20.20183333
Hantos,46.99433333,18.70183333
Harasztifalu,47.05066667,16.551
Harc,46.4035,18.623
Harka,47.634,16.60383333
Harkakötöny,46.464,19.6085
Harkány,45.8495,18.23966667
Háromfa,46.1055,17.33116667
Háromhuta,48.37866667,21.43033333
Harsány,47.96866667,20.742
Hárskút,47.18516667,17.81466667
Harta,46.6985,19.03
Hásságy,46.03416667,18.39033333
Hatvan,47.6665,19.67783333
Hédervár,47.831,17.45733333
Hedrehely,46.19583333,17.65216667
Hegyesd,46.91766667,17.524
Hegyeshalom,47.91433333,17.15566667
Hegyfalu,47.35266667,16.88516667
Hegyháthodász,46.937,16.65783333
Hegyhátmaróc,46.31083333,18.3385
Hegyhátsál,46.9615,16.644
Hegyhátszentjakab,46.86733333,16.54866667
Hegyhátszentmárton,46.93466667,16.4815
Hegyhátszentpéter,46.97083333,16.317
Hegykő,47.62083333,16.797
Hegymagas,46.83483333,17.434
Hegymeg,48.33216667,20.86233333
Hegyszentmárton,45.90366667,18.07983333
Héhalom,47.77716667,19.58666667
Hejce,48.42516667,21.28466667
Hejőbába,47.90616667,20.94583333
Hejőkeresztúr,47.9655,20.88533333
Hejőkürt,47.85683333,20.99533333
Hejőpapi,47.89666667,20.90666667
Hejőszalonta,47.94033333,20.88166667
Helesfa,46.09083333,17.97833333
Helvécia,46.838,19.62233333
Hencida,47.25033333,21.69916667
Hencse,46.20066667,17.62233333
Herceghalom,47.49666667,18.74966667
Hercegkút,48.333,21.53283333
Hercegszántó,45.94883333,18.93883333
Heréd,47.70816667,19.63433333
Héreg,47.645,18.5035
Herencsény,47.97566667,19.47433333
Herend,47.13316667,17.75383333
Heresznye,46.05366667,17.27716667
Hermánszeg,47.901,22.611
Hernád,47.16533333,19.40766667
Hernádbűd,48.296,21.13766667
Hernádcéce,48.35016667,21.19233333
Hernádkak,48.09,20.9625
Hernádkércs,48.243,21.05283333
Hernádnémeti,48.07166667,20.9735
Hernádpetri,48.48233333,21.16183333
Hernádszentandrás,48.29016667,21.09483333
Hernádszurdok,48.483,21.2065
Hernádvécse,48.4405,21.16966667
Hernyék,46.64883333,16.64316667
Hét,48.28316667,20.38866667
Hetefejércse,48.1285,22.47333333
Hetes,46.42066667,17.69433333
Hetvehely,46.13266667,18.04633333
Hetyefő,47.0465,17.16383333
Heves,47.59616667,20.28833333
Hevesaranyos,48.0085,20.23816667
Hevesvezekény,47.55733333,20.36
Hévíz,46.792,17.18766667
Hévízgyörk,47.62783333,19.52166667
Hidas,46.257,18.49566667
Hidasnémeti,48.50366667,21.23033333
Hidegkút,47.00316667,17.83033333
Hidegség,47.627,16.742
Hidvégardó,48.55983333,20.839
Himesháza,46.08333333,18.57533333
Himod,47.54566667,17.0355
Hirics,45.82616667,17.9965
Hobol,46.02166667,17.77666667
Hodász,47.95666667,22.32116667
Hódmezővásárhely,46.421,20.325
Hollád,46.64133333,17.311
Hollóháza,48.54233333,21.4135
Hollókő,47.99783333,19.59383333
Homokbödöge,47.30266667,17.59433333
Homokkomárom,46.50466667,16.917
Homokmégy,46.48966667,19.0735
Homokszentgyörgy,46.11966667,17.57983333
Homorúd,45.98216667,18.79166667
Homrogd,48.28016667,20.91616667
Hont,48.0495,18.99733333
Horpács,48.00133333,19.13216667
Hort,47.69016667,19.7815
Hortobágy,47.58533333,21.15566667
Horváthertelend,46.177,17.92766667
Horvátlövő,47.18066667,16.46133333
Horvátzsidány,47.412,16.62533333
Hosszúhetény,46.15683333,18.358
Hosszúpályi,47.39333333,21.73166667
Hosszúpereszteg,47.09566667,17.02483333
Hosszúvíz,46.51716667,17.4435
Hosszúvölgy,46.515,16.93216667
Hosztót,47.08666667,17.24516667
Hottó,46.84783333,16.75183333
Hőgyész,46.4935,18.42066667
Hövej,47.54983333,17.021
Hugyag,48.08733333,19.43366667
Hunya,46.812,20.84766667
Hunyadfalva,47.31216667,20.37133333
Husztót,46.17166667,18.09516667
Ibafa,46.1565,17.91916667
Iborfia,46.7365,16.7625
Ibrány,48.09583333,21.37333333
Igal,46.53916667,17.942
Igar,46.77866667,18.51633333
Igrici,47.86766667,20.88283333
Iharos,46.34066667,17.09633333
Iharosberény,46.36383333,17.1125
Ikervár,47.2085,16.898
Iklad,47.66183333,19.44316667
Iklanberény,47.4255,16.80583333
Iklódbördőce,46.60566667,16.6105
Ikrény,47.65583333,17.5315
Iliny,48.03316667,19.4265
Ilk,48.11783333,22.23983333
Illocska,45.8005,18.5245
Imola,48.4205,20.5525
Imrehegy,46.48916667,19.30216667
Ináncs,48.28533333,21.06983333
Inárcs,47.25866667,19.32983333
Inke,46.39266667,17.19716667
Ipacsfa,45.83583333,18.207
Ipolydamásd,47.841,18.8305
Ipolytarnóc,48.2345,19.62483333
Ipolytölgyes,47.92383333,18.776
Ipolyvece,48.062,19.11216667
Iregszemcse,46.69333333,18.18433333
Irota,48.3975,20.87683333
Isaszeg,47.5365,19.4
Ispánk,46.86416667,16.44483333
Istenmezeje,48.08116667,20.053
Istvándi,46.02016667,17.623
Iszkaszentgyörgy,47.24333333,18.29833333
Iszkáz,47.16683333,17.29916667
Isztimér,47.28016667,18.1945
Ivád,48.01866667,20.06416667
Iván,47.4435,16.91016667
Ivánbattyán,45.90666667,18.41916667
Ivánc,46.93766667,16.49916667
Iváncsa,47.15666667,18.82916667
Ivándárda,45.83116667,18.59233333
Izmény,46.31516667,18.41483333
Izsák,46.80416667,19.35316667
Izsófalva,48.31133333,20.65483333
Jágónak,46.31383333,18.09083333
Ják,47.143,16.5795
Jakabszállás,46.76266667,19.60733333
Jákfa,47.34533333,16.95733333
Jákfalva,48.33383333,20.57233333
Jákó,46.33433333,17.553
Jánd,48.112,22.3775
Jánkmajtis,47.94016667,22.65483333
Jánoshalma,46.30133333,19.32683333
Jánosháza,47.12133333,17.164
Jánoshida,47.382,20.0615
Jánossomorja,47.7875,17.13916667
Járdánháza,48.15483333,20.24666667
Jármi,47.9695,22.2495
Jásd,47.28883333,18.0245
Jászágó,47.5955,19.852
Jászalsószentgyörgy,47.37183333,20.09733333
Jászapáti,47.513,20.14233333
Jászárokszállás,47.64333333,19.979
Jászberény,47.5015,19.91133333
Jászboldogháza,47.36883333,20.00233333
Jászdózsa,47.56616667,20.01616667
Jászfelsőszentgyörgy,47.5085,19.791
Jászfényszaru,47.569,19.724
Jászivány,47.52116667,20.24666667
Jászjákóhalma,47.5205,19.9925
Jászkarajenő,47.0525,20.06716667
Jászkisér,47.45816667,20.21716667
Jászladány,47.36633333,20.16733333
Jászszentandrás,47.58566667,20.175
Jászszentlászló,46.569,19.75716667
Jásztelek,47.48316667,20.00133333
Jéke,48.3845,22.15366667
Jenő,47.102,18.248
Jobaháza,47.57933333,17.18816667
Jobbágyi,47.82983333,19.67783333
Jósvafő,48.4825,20.5535
Juta,46.4065,17.73583333
Kaba,47.3575,21.275
Kacorlak,46.57366667,16.95583333
Kács,47.95833333,20.61416667
Kacsóta,46.04016667,17.95483333
Kadarkút,46.23633333,17.62216667
Kajárpéc,47.49266667,17.63466667
Kajászó,47.32733333,18.71966667
Kajdacs,46.56533333,18.626
Kakasd,46.346,18.59566667
Kákics,45.90383333,17.85983333
Kakucs,47.24216667,19.3655
Kál,47.73216667,20.26266667
Kalaznó,46.50166667,18.4755
Káld,47.16383333,17.0445
Kálló,47.75,19.49183333
Kallósd,46.87116667,17.06616667
Kállósemjén,47.8595,21.9265
Kálmáncsa,46.06733333,17.62033333
Kálmánháza,47.87783333,21.57933333
Kálócfa,46.75766667,16.56233333
Kalocsa,46.529,18.97916667
Káloz,46.95583333,18.48266667
Kám,47.1095,16.88966667
Kamond,47.15,17.204
Kamut,46.76016667,20.982
Kánó,48.42833333,20.5995
Kántorjánosi,47.93716667,22.148
Kány,48.5145,21.0155
Kánya,46.701,18.06916667
Kányavár,46.5725,16.681
Kapolcs,46.9545,17.60833333
Kápolna,47.7595,20.24733333
Kápolnásnyék,47.24183333,18.68033333
Kapoly,46.72683333,17.97683333
Kaposfő,46.36133333,17.66383333
Kaposgyarmat,46.28016667,17.88283333
Kaposhomok,46.3595,17.92583333
Kaposkeresztúr,46.33166667,17.9685
Kaposmérő,46.36066667,17.70466667
Kapospula,46.3755,18.09966667
Kaposújlak,46.364,17.72983333
Kaposvár,46.3575,17.79583333
Kaposszekcső,46.33133333,18.13216667
Kaposszerdahely,46.32166667,17.7585
Káptalanfa,47.06616667,17.34583333
Káptalantóti,46.84983333,17.517
Kapuvár,47.59283333,17.02916667
Kára,46.61716667,18.01316667
Karácsond,47.73066667,20.02833333
Karád,46.68883333,17.8445
Karakó,47.11666667,17.20183333
Karakószörcsök,47.13166667,17.28766667
Karancsalja,48.13016667,19.75866667
Karancsberény,48.18583333,19.74916667
Karancskeszi,48.1625,19.70133333
Karancslapujtő,48.15316667,19.7405
Karancsság,48.116,19.66066667
Kárász,46.26783333,18.32083333
Karcag,47.283,20.97866667
Karcsa,48.33433333,21.78883333
Kardos,46.79433333,20.71733333
Kardoskút,46.49816667,20.70266667
Karmacs,46.83616667,17.17383333
Karos,48.32916667,21.744
Kartal,47.66883333,19.53066667
Kásád,45.7775,18.4
Kaskantyú,46.67083333,19.389
Kastélyosdombó,45.95466667,17.61916667
Kaszaper,46.458,20.82533333
Kaszó,46.32,17.22283333
Katádfa,45.998,17.87116667
Katafa,46.98,16.63316667
Kátoly,46.06333333,18.45316667
Katymár,46.0345,19.208
Káva,47.35516667,19.58966667
Kávás,46.863,16.711
Kazár,48.0505,19.86033333
Kazincbarcika,48.254,20.63816667
Kázsmárk,48.2755,20.97733333
Kazsok,46.4795,17.964
Kecel,46.52766667,19.24983333
Kecskéd,47.5205,18.31466667
Kecskemét,46.90883333,19.69283333
Kehidakustyán,46.83616667,17.10616667
Kék,48.11616667,21.87733333
Kékcse,48.25183333,22.01016667
Kéked,48.546,21.35116667
Kékesd,46.102,18.474
Kékkút,46.851,17.56066667
Kelebia,46.19716667,19.609
Keléd,47.07583333,17.1175
Kelemér,48.35566667,20.42933333
Kéleshalom,46.3645,19.28383333
Kelevíz,46.52316667,17.41933333
Kemecse,48.06633333,21.798
Kemence,48.01916667,18.8965
Kemendollár,46.9055,16.94766667
Kemeneshőgyész,47.3545,17.29683333
Kemeneskápolna,47.20883333,17.106
Kemenesmagasi,47.33266667,17.209
Kemenesmihályfa,47.28583333,17.11333333
Kemenespálfa,47.13733333,17.17366667
Kemenessömjén,47.29266667,17.13183333
Kemenesszentmárton,47.29616667,17.16283333
Kemenesszentpéter,47.42666667,17.2325
Keménfa,46.83966667,16.63916667
Kémes,45.82016667,18.10816667
Kemestaródfa,47.00883333,16.80683333
Kemse,45.823,17.91416667
Kenderes,47.21783333,20.72816667
Kenéz,47.20333333,16.79216667
Kenézlő,48.1995,21.53033333
Kengyel,47.09616667,20.34016667
Kenyeri,47.38433333,17.09216667
Kercaszomor,46.79016667,16.35233333
Kercseliget,46.32733333,18.06333333
Kerecsend,47.79483333,20.34483333
Kerecseny,46.62283333,17.04883333
Kerekegyháza,46.9375,19.47866667
Kereki,46.79533333,17.91316667
Kerékteleki,47.5125,17.93883333
Kerepes,47.565,19.28366667
Kerepestarcsa,47.56666667,19.28333333
Keresztéte,48.50016667,20.9505
Kerkabarabás,46.67933333,16.5575
Kerkafalva,46.76983333,16.48833333
Kerkakutas,46.76083333,16.50566667
Kerkáskápolna,46.813,16.49266667
Kerkaszentkirály,46.50116667,16.57983333
Kerkateskánd,46.5745,16.57183333
Kérsemjén,47.9695,22.2495
Kerta,47.165,17.27483333
Kertészsziget,47.15516667,21.062
Keszeg,47.836,19.2385
Kesznyéten,47.97016667,21.04333333
Keszőhidegkút,46.61183333,18.42566667
Keszthely,46.7705,17.25333333
Kesztölc,47.7125,18.79033333
Keszü,46.014,18.1935
Kétbodony,47.93566667,19.2855
Kétegyháza,46.54316667,21.18466667
Kéthely,46.64666667,17.395
Kétpó,47.075,20.48233333
Kétsoprony,46.72083333,20.88883333
Kétújfalu,45.96633333,17.7205
Kétvölgy,46.88633333,16.22183333
Kéty,46.44,18.526
Kevermes,46.41833333,21.18133333
Kilimán,46.63633333,16.99716667
Kimle,47.818,17.37
Kincsesbánya,47.26466667,18.27433333
Királd,48.23683333,20.37466667
Királyegyháza,45.99683333,17.97183333
Királyhegyes,46.27166667,20.61333333
Királyszentistván,47.10866667,18.04416667
Kisapáti,46.84416667,17.4695
Kisapostag,46.897,18.93433333
Kisar,48.14716667,22.29983333
Kisasszond,46.33233333,17.64
Kisasszonyfa,45.94666667,18.00833333
Kisbabot,47.5555,17.41533333
Kisbágyon,47.8245,19.58533333
Kisbajcs,47.74516667,17.68066667
Kisbajom,46.308,17.48666667
Kisbárapáti,46.604,17.86616667
Kisbárkány,48.01666667,19.6865
Kisbér,47.496,18.03666667
Kisberény,46.63833333,17.66166667
Kisberzseny,47.10633333,17.26733333
Kisbeszterce,46.20566667,18.0295
Kisbodak,47.89683333,17.41983333
Kisbucsa,46.81933333,16.943
Kisbudmér,45.91366667,18.44933333
Kiscsécs,47.96666667,21.01283333
Kiscsehi,46.51966667,16.676
Kiscsősz,47.19766667,17.28033333
Kisdér,45.941,18.13033333
Kisdobsza,46.02783333,17.65716667
Kisdombegyház,46.3715,21.0985
Kisdorog,46.38866667,18.49766667
Kisecset,47.938,19.31433333
Kisfalud,47.52883333,17.09166667
Kisfüzes,47.98866667,20.12816667
Kisgörbő,46.93666667,17.15866667
Kisgyalán,46.42316667,17.97666667
Kisgyőr,48.01116667,20.688
Kishajmás,46.2015,18.083
Kisharsány,45.8595,18.366
Kishartyán,48.08466667,19.70583333
Kisherend,45.96483333,18.33366667
Kishódos,47.97116667,22.83583333
Kishuta,48.447,21.482
Kisigmánd,47.65266667,18.09283333
Kisjakabfalva,45.89583333,18.43733333
Kiskassa,45.95283333,18.401
Kiskinizs,48.25166667,21.03733333
Kiskorpád,46.353,17.61183333
Kisköre,47.49833333,20.4935
Kiskőrös,46.507,19.17566667
Kiskunfélegyháza,46.712,19.84516667
Kiskunhalas,46.43383333,19.48383333
Kiskunlacháza,47.18416667,19.00716667
Kiskunmajsa,46.4935,19.737
Kiskutas,46.91116667,16.799
Kisláng,46.9615,18.38866667
Kisléta,47.8345,22.00516667
Kislippó,45.82716667,18.53483333
Kislőd,47.14566667,17.623
Kismányok,46.273,18.47333333
Kismarja,47.247,21.821
Kismaros,47.82633333,19.01333333
Kisnamény,48.10433333,22.782
Kisnána,47.85233333,20.14866667
Kisnémedi,47.7395,19.28816667
Kisnyárád,46.038,18.5665
Kisoroszi,47.8085,19.00983333
Kispalád,48.02183333,22.838
Kispáli,46.91116667,16.829
Kispirit,47.19816667,17.24233333
Kisrákos,46.85816667,16.50266667
Kisrécse,46.501,17.06383333
Kisrozvágy,48.348,21.93916667
Kissikátor,48.19583333,20.13033333
Kissomlyó,47.14466667,17.10333333
Kistamási,46.012,17.72266667
Kistapolca,45.82133333,18.38516667
Kistarcsa,47.54666667,19.26416667
Kistelek,46.4695,19.98
Kistokaj,48.0395,20.84
Kistolmács,46.48716667,16.752
Kistormás,46.50133333,18.56683333
Kistótfalu,45.9085,18.31216667
Kisújszállás,47.18533333,20.81083333
Kisunyom,47.14533333,16.64066667
Kisvárda,48.22266667,22.08066667
Kisvarsány,48.14716667,22.29983333
Kisvásárhely,46.99583333,17.2
Kisvaszar,46.27583333,18.2135
Kisvejke,46.382,18.41433333
Kiszombor,46.18633333,20.42783333
Kiszsidány,47.41033333,16.64016667
Kisszállás,46.28033333,19.4915
Kisszékely,46.68183333,18.53933333
Kisszekeres,47.97666667,22.64566667
Kisszentmárton,45.82416667,18.0255
Kissziget,46.62333333,16.66566667
Kisszőlős,47.19833333,17.33066667
Klárafalva,46.22133333,20.32566667
Kocs,47.60783333,18.21383333
Kocsér,47.0015,19.922
Kocsola,46.528,18.18166667
Kocsord,47.94,22.38283333
Kóka,47.4855,19.582
Kokad,47.4065,21.9335
Kolontár,47.0865,17.47716667
Komádi,47.00433333,21.49716667
Komárom,47.74033333,18.1215
Komjáti,48.5455,20.763
Komló,46.19066667,18.262
Komlódtótfalu,47.84316667,22.70416667
Komlósd,46.01816667,17.387
Komlóska,48.343,21.4635
Komoró,48.304,22.11733333
Kompolt,47.74266667,20.24866667
Kondó,48.188,20.64466667
Kondorfa,46.89683333,16.39783333
Kondoros,46.75783333,20.79916667
Kóny,47.632,17.361
Konyár,47.3195,21.671
Kópháza,47.63633333,16.64433333
Koppányszántó,46.59416667,18.1045
Korlát,48.37866667,21.24566667
Koroncó,47.60083333,17.5285
Kórós,45.867,18.08616667
Kosd,47.80433333,19.1805
Kóspallag,47.87433333,18.93616667
Kótaj,48.05233333,21.70016667
Kovácshida,45.83683333,18.18716667
Kovácsszénája,46.17216667,18.11133333
Kovácsvágás,48.45483333,21.52866667
Kozárd,47.91516667,19.61933333
Kozármisleny,46.04216667,18.2905
Kozmadombja,46.76733333,16.55433333
Köblény,46.2945,18.30566667
Köcsk,47.19116667,17.09866667
Kökény,45.99833333,18.20716667
Kőkút,46.19233333,17.5765
Kölcse,48.0515,22.71216667
Kölesd,46.50966667,18.5865
Kölked,45.94933333,18.708
Kömlő,47.6005,20.44516667
Kömlőd,47.54733333,18.26166667
Kömörő,48.0245,22.59833333
Kömpöc,46.46483333,19.868
Körmend,47.014,16.60183333
Környe,47.54733333,18.33333333
Köröm,47.98333333,20.95216667
Kőröshegy,46.831,17.89933333
Körösladány,46.9625,21.07983333
Körösnagyharsány,47.00883333,21.64333333
Köröstarcsa,46.87833333,21.02566667
Kőröstetétlen,47.10183333,20.02533333
Körösújfalu,46.96633333,21.4005
Körösszakál,47.02,21.59416667
Körösszegapáti,47.04066667,21.6355
Kőszárhegy,47.09516667,18.34366667
Kőszeg,47.3905,16.5485
Kőszegdoroszló,47.34583333,16.54333333
Kőszegpaty,47.32733333,16.651
Kőszegszerdahely,47.34133333,16.51816667
Kötcse,46.25166667,17.17233333
Kötegyán,46.73966667,21.47716667
Kőtelek,47.3365,20.444
Kővágóörs,46.84966667,17.60133333
Kővágószőlős,46.08366667,18.12583333
Kővágótőttős,46.08633333,18.10266667
Kövegy,46.22466667,20.6875
Köveskál,46.88316667,17.60716667
Krasznokvajda,48.47066667,20.97183333
Kulcs,47.05666667,18.91433333
Kunadacs,46.95516667,19.28866667
Kunágota,46.42466667,21.049
Kunbaja,46.08633333,19.423
Kunbaracs,46.98883333,19.40516667
Kuncsorba,47.12616667,20.55716667
Kunfehértó,46.36066667,19.4155
Kunhegyes,47.3675,20.63166667
Kunmadaras,47.42683333,20.79866667
Kunpeszér,47.06183333,19.27666667
Kunszállás,46.76416667,19.755
Kunszentmárton,46.837,20.28666667
Kunszentmiklós,47.02683333,19.124
Kunsziget,47.74033333,17.51983333
Kup,47.24883333,17.466
Kupa,48.3325,20.91566667
Kurd,46.448,18.31616667
Kurityán,48.3105,20.62733333
Kustánszeg,46.785,16.6805
Kutas,46.33266667,17.4545
Kutasó,47.94733333,19.543
Kübekháza,46.15066667,20.27783333
Külsősárd,46.62866667,16.48533333
Külsővat,47.29716667,17.2235
Küngös,47.066,18.17333333
Lábatlan,47.74366667,18.49366667
Lábod,46.20533333,17.45466667
Lácacséke,48.36616667,21.9915
Lad,46.14483333,17.64783333
Ladánybene,47.03566667,19.45866667
Ládbesenyő,48.34416667,20.78816667
Lajoskomárom,46.84333333,18.34066667
Lajosmizse,47.02683333,19.5565
Lak,48.3485,20.87033333
Lakhegy,46.9555,16.83283333
Lakitelek,46.876,19.9945
Lakócsa,45.89466667,17.69483333
Lánycsók,46.00716667,18.626
Lápafő,46.515,18.06083333
Lapáncsa,45.81916667,18.499
Laskod,48.0525,22.042
Lasztonya,46.55766667,16.71766667
Látrány,46.74716667,17.74733333
Lázi,47.4645,17.83516667
Leányfalu,47.71716667,19.08466667
Leányvár,47.6805,18.76966667
Lébény,47.73466667,17.388
Legénd,47.8775,19.31416667
Legyesbénye,48.158,21.15466667
Léh,48.29083333,20.98166667
Lénárddaróc,48.148,20.37183333
Lendvadedes,46.58066667,16.50933333
Lendvajakabfa,46.67533333,16.44283333
Lengyel,46.37833333,18.36816667
Lengyeltóti,46.66766667,17.63716667
Lenti,46.62466667,16.54283333
Lepsény,46.99016667,18.24033333
Lesencefalu,46.845,17.34516667
Lesenceistvánd,46.8705,17.35983333
Lesencetomaj,46.85816667,17.36533333
Létavértes,47.38333333,21.88283333
Letenye,46.43033333,16.72716667
Letkés,47.88516667,18.77616667
Levél,47.8945,17.2035
Levelek,47.96666667,21.98683333
Libickozma,46.52316667,17.53433333
Lickóvadamos,46.7465,16.7715
Liget,46.23483333,18.19266667
Ligetfalva,46.82466667,17.06183333
Lipót,47.8625,17.46483333
Lippó,45.86566667,18.57133333
Liptód,46.04583333,18.51866667
Lispeszentadorján,46.54266667,16.69783333
Liszó,46.37016667,17.004
Litér,47.0985,18.00816667
Litka,48.13016667,21.16216667
Litke,48.2105,19.6025
Lócs,47.40383333,16.81183333
Lókút,47.20566667,17.87
Lónya,48.32716667,22.26666667
Lórév,47.116,18.89983333
Lothárd,46.00066667,18.35416667
Lovas,46.994,17.96083333
Lovasberény,47.11666667,18.36666667
Lovászhetény,46.15766667,18.47616667
Lovászi,46.552,16.5575
Lovászpatona,47.435,17.62633333
Lőkösháza,46.43016667,21.2325
Lőrinci,47.74833333,19.67933333
Lövő,47.50016667,16.7855
Lövőpetri,48.18016667,22.191
Lucfalva,48.03083333,19.692
Ludányhalászi,48.1385,19.52933333
Ludas,47.73266667,20.09133333
Lukácsháza,47.33766667,16.58116667
Lulla,46.79033333,18.02366667
Lúzsok,45.83966667,17.94683333
Mád,48.1925,21.27833333
Madaras,46.05766667,19.26316667
Madocsa,46.68716667,18.953
Maglóca,47.6625,17.27666667
Maglód,47.44433333,19.352
Mágocs,46.34966667,18.23333333
Magosliget,48.0515,22.86966667
Magy,47.94,21.98033333
Magyaralmás,47.29083333,18.3265
Magyaratád,46.46366667,17.90283333
Magyarbánhegyes,46.45716667,20.9635
Magyarbóly,45.84166667,18.49483333
Magyarcsanád,46.17016667,20.6145
Magyardombegyház,46.51833333,20.96183333
Magyaregregy,46.24983333,18.30983333
Magyaregres,46.45916667,17.77283333
Magyarföld,46.77666667,16.41983333
Magyargéc,48.0835,19.60416667
Magyargencs,47.37416667,17.293
Magyarhertelend,46.18983333,18.15366667
Magyarhomorog,47.02416667,21.5445
Magyarkeresztúr,47.52166667,17.16633333
Magyarkeszi,46.75016667,18.23716667
Magyarlak,46.952,16.35416667
Magyarlukafa,46.1705,17.75816667
Magyarmecske,45.94383333,17.9665
Magyarnádalja,47.015,16.53333333
Magyarnándor,47.967,19.35316667
Magyarpolány,47.16833333,17.54683333
Magyarsarlós,46.04116667,18.354
Magyarszecsőd,47.03733333,16.6495
Magyarszék,46.19716667,18.19766667
Magyarszentmiklós,46.5375,16.936
Magyarszerdahely,46.55533333,16.93716667
Magyarszombatfa,46.76033333,16.34216667
Magyartelek,45.944,17.98483333
Majosháza,47.26366667,18.99616667
Majs,45.9075,18.6015
Makád,47.0885,18.93183333
Makkoshotyka,48.35866667,21.5195
Maklár,47.80783333,20.41333333
Makó,46.2205,20.48016667
Malomsok,47.45,17.39
Mályi,48.016,20.824
Mályinka,48.15483333,20.49516667
Mánd,48.00083333,22.60366667
Mándok,48.31966667,22.184
Mánfa,46.16083333,18.24083333
Mány,47.5325,18.65866667
Maráza,46.0765,18.51466667
Marcalgergelyi,47.3125,17.2695
Marcali,46.5835,17.41083333
Marcaltő,47.433,17.366
Márfa,45.85966667,18.18766667
Máriahalom,47.6275,18.70966667
Máriakálnok,47.85883333,17.324
Máriakéménd,46.02716667,18.4645
Márianosztra,47.86533333,18.874
Máriapócs,47.87566667,22.02433333
Markaz,47.82516667,20.05716667
Márkháza,48.015,19.71933333
Márkó,47.125,17.81366667
Markóc,45.86316667,17.76583333
Markotabödöge,47.68266667,17.31216667
Maróc,46.5475,16.66766667
Marócsa,45.91483333,17.8165
Márok,45.87433333,18.51033333
Márokföld,46.71783333,16.44233333
Márokpapi,47.95666667,22.32116667
Maroslele,46.26933333,20.34333333
Mártély,46.46866667,20.2405
Martfű,47.01983333,20.28733333
Martonfa,46.11583333,18.3755
Martonvásár,47.31816667,18.7925
Martonyi,48.46866667,20.769
Mátészalka,47.95666667,22.32116667
Mátételke,46.16266667,19.28233333
Mátraballa,47.98316667,20.02333333
Mátraderecske,47.948,20.08666667
Mátramindszent,47.981,19.9355
Mátranovák,48.03916667,19.98283333
Mátraszele,48.05483333,19.89683333
Mátraszentimre,47.9085,19.881
Mátraszőlős,47.959,19.68333333
Mátraterenye,48.0265,19.95783333
Mátraverebély,47.9735,19.77833333
Mátyásdomb,46.9225,18.349
Matty,45.79583333,18.26783333
Mátyus,48.28333333,22.285
Máza,46.266,18.39866667
Mecseknádasd,46.22416667,18.46733333
Mecsekpölöske,46.2225,18.21133333
Mecsér,47.79583333,17.47683333
Medgyesbodzás,46.51833333,20.96183333
Medgyesegyháza,46.49633333,21.03
Medina,46.47483333,18.645
Megyaszó,48.18816667,21.05616667
Megyehid,47.21283333,16.8435
Megyer,47.0625,17.19433333
Meggyeskovácsi,47.16483333,16.871
Méhkerék,46.77683333,21.44766667
Méhtelek,47.967,22.8945
Mekényes,46.38966667,18.33533333
Mélykút,46.21333333,19.38
Mencshely,46.94633333,17.70083333
Mende,47.43366667,19.46066667
Méra,48.35933333,21.15383333
Merenye,46.06916667,17.699
Mérges,47.60066667,17.44566667
Mérk,47.78566667,22.37733333
Mernye,46.50733333,17.82533333
Mersevát,47.2905,17.204
Mesterháza,47.374,16.8625
Mesteri,47.2255,17.08966667
Mesterszállás,46.956,20.43116667
Meszes,48.43833333,20.79683333
Meszlen,47.33116667,16.70166667
Mesztegnyő,46.49716667,17.42283333
Mezőberény,46.82416667,21.03
Mezőcsát,47.82316667,20.90833333
Mezőcsokonya,46.43216667,17.64383333
Meződ,46.289,18.1035
Mezőfalva,46.93266667,18.78066667
Mezőgyán,46.86966667,21.52316667
Mezőhegyes,46.31583333,20.8195
Mezőhék,46.9965,20.38916667
Mezőkeresztes,47.8255,20.69
Mezőkomárom,46.8285,18.29433333
Mezőkovácsháza,46.41266667,20.913
Mezőkövesd,47.80716667,20.57533333
Mezőladány,48.27316667,22.222
Mezőlak,47.33116667,17.37066667
Mezőnagymihály,47.80666667,20.731
Mezőnyárád,47.8615,20.6795
Mezőörs,47.56933333,17.88333333
Mezőpeterd,47.1655,21.62083333
Mezősas,47.11016667,21.56866667
Mezőszemere,47.747,20.5195
Mezőszentgyörgy,46.99266667,18.28316667
Mezőszilas,46.81083333,18.47966667
Mezőtárkány,47.7205,20.47783333
Mezőtúr,47.00416667,20.62583333
Mezőzombor,48.15033333,21.26166667
Miháld,46.45166667,17.12516667
Mihályfa,46.9805,17.18733333
Mihálygerge,48.1965,19.63483333
Mihályháza,47.308,17.339
Mihályi,47.523,17.09383333
Mike,46.24116667,17.53183333
Mikebuda,47.1585,19.6165
Mikekarácsonyfa,46.6595,16.70483333
Mikepércs,47.44083333,21.63733333
Miklósi,46.64816667,17.999
Mikófalva,48.05616667,20.31933333
Mikóháza,48.461,21.59133333
Mikosszéplak,47.03216667,16.977
Milejszeg,46.79033333,16.739
Milota,48.10433333,22.782
Mindszent,46.52383333,20.1895
Mindszentgodisa,46.22883333,18.06466667
Mindszentkálla,46.87383333,17.55216667
Misefa,46.805,16.98716667
Miske,46.44433333,19.03383333
Miskolc,48.10366667,20.79933333
Miszla,46.63166667,18.48116667
Mocsa,47.66766667,18.18033333
Mogyoród,47.59966667,19.24233333
Mogyorósbánya,47.7235,18.59733333
Mogyoróska,48.37783333,21.32566667
Moha,47.24366667,18.33416667
Mohács,45.99233333,18.68716667
Mohora,47.99333333,19.34233333
Molnári,46.38516667,16.83366667
Molnaszecsőd,47.04466667,16.67933333
Molvány,46.03016667,17.74616667
Monaj,48.30716667,20.938
Monok,48.21233333,21.15133333
Monor,47.35,19.44766667
Mónosbél,48.03616667,20.337
Monostorapáti,46.92683333,17.5605
Monostorpályi,47.3975,21.77683333
Monoszló,46.9025,17.64083333
Monyoród,46.01016667,18.48083333
Mór,47.375,18.21183333
Mórágy,46.21616667,18.64466667
Mórahalom,46.21783333,19.88566667
Móricgát,46.6335,19.67066667
Mórichida,47.515,17.41866667
Mosdós,46.35433333,17.99016667
Mosonmagyaróvár,47.87166667,17.26783333
Mosonszentmiklós,47.7285,17.42733333
Mosonszolnok,47.852,17.17533333
Mozsgó,46.11516667,17.84616667
Mőcsény,46.25983333,18.59183333
Mucsfa,46.356,18.4205
Mucsi,46.429,18.39383333
Múcsony,48.27083333,20.68216667
Muhi,47.9805,20.931
Murakeresztúr,46.36083333,16.87883333
Murarátka,46.45816667,16.676
Muraszemenye,46.47716667,16.6335
Murga,46.46083333,18.48833333
Murony,46.762,21.0425
Nábrád,48.00666667,22.4465
Nadap,47.25733333,18.6195
Nádasd,46.9645,16.61533333
Nádasdladány,47.13966667,18.23833333
Nádudvar,47.427,21.16416667
Nágocs,46.66333333,17.95983333
Nagyacsád,47.36583333,17.37233333
Nagyalásony,47.23233333,17.35683333
Nagyar,48.06016667,22.5525
Nagyatád,46.22816667,17.36333333
Nagybajcs,47.76516667,17.68783333
Nagybajom,46.395,17.51083333
Nagybakónak,46.55366667,17.0435
Nagybánhegyes,46.45983333,20.903
Nagybaracska,46.04583333,18.90633333
Nagybarca,48.24816667,20.53066667
Nagybárkány,47.9975,19.70316667
Nagyberény,46.79766667,18.17316667
Nagyberki,46.35766667,18.00883333
Nagybörzsöny,47.93716667,18.83266667
Nagybudmér,45.93666667,18.44683333
Nagycenk,47.60683333,16.69683333
Nagycsány,45.8725,17.94683333
Nagycsécs,47.9605,20.95316667
Nagycsepely,46.75033333,17.83716667
Nagycserkesz,47.96466667,21.554
Nagydém,47.43983333,17.674
Nagydobos,48.054,22.3125
Nagydobsza,46.03516667,17.6655
Nagydorog,46.6215,18.65966667
Nagyecsed,47.86583333,22.38966667
Nagyér,46.36983333,20.73083333
Nagyesztergár,47.277,17.90716667
Nagyfüged,47.68216667,20.106
Nagygeresd,47.39466667,16.92883333
Nagygörbő,46.929,17.1785
Nagygyimót,47.3405,17.55066667
Nagyhajmás,46.37033333,18.29166667
Nagyhalász,48.13816667,21.75433333
Nagyharsány,45.84683333,18.39666667
Nagyhegyes,47.539,21.3505
Nagyhódos,47.96316667,22.85366667
Nagyhuta,48.43083333,21.49333333
Nagyigmánd,47.63883333,18.0755
Nagyiván,47.486,20.9305
Nagykálló,47.712,21.76883333
Nagykamarás,46.47233333,21.11816667
Nagykanizsa,46.45,16.992
Nagykapornak,46.82033333,16.9945
Nagykarácsony,46.86966667,18.7745
Nagykáta,47.413,19.74233333
Nagykereki,47.1865,21.79716667
Nagykeresztúr,48.04,19.715
Nagykinizs,48.23516667,21.035
Nagykónyi,46.59566667,18.20116667
Nagykorpád,46.259,17.45716667
Nagykovácsi,47.5755,18.88083333
Nagykozár,46.0665,18.3215
Nagykökényes,47.73433333,19.60033333
Nagykölked,47.06816667,16.5545
Nagykőrös,47.03133333,19.78266667
Nagykörű,47.27716667,20.45216667
Nagykutas,46.92683333,16.80633333
Nagylak,46.17183333,20.71183333
Nagylengyel,46.78183333,16.76666667
Nagylóc,48.0345,19.57616667
Nagylók,46.9775,18.637
Nagylózs,47.56583333,16.7725
Nagymágocs,46.58416667,20.4895
Nagymányok,46.285,18.45983333
Nagymaros,47.79066667,18.96
Nagymizdó,46.99116667,16.6565
Nagynyárád,45.94466667,18.582
Nagyoroszi,48.007,19.09283333
Nagypáli,46.91033333,16.8455
Nagypall,46.14583333,18.45783333
Nagypeterd,46.04633333,17.90033333
Nagypirit,47.199,17.22666667
Nagyrábé,47.2045,21.33316667
Nagyrada,46.61966667,17.11516667
Nagyrákos,46.833,16.46016667
Nagyrécse,46.489,17.055
Nagyréde,47.766,19.85183333
Nagyrév,46.943,20.14833333
Nagyrozvágy,48.33783333,21.92866667
Nagysáp,47.681,18.59633333
Nagysimonyi,47.26466667,17.0665
Nagyszakácsi,46.49033333,17.32083333
Nagyszékely,46.64916667,18.5305
Nagyszekeres,48.0245,22.59833333
Nagyszénás,46.67183333,20.67483333
Nagyszentjános,47.7095,17.86916667
Nagyszokoly,46.72183333,18.2105
Nagytálya,47.8165,20.4115
Nagytarcsa,47.47916667,19.27316667
Nagytevel,47.29516667,17.572
Nagytilaj,46.97966667,16.964
Nagytótfalu,45.86433333,18.3465
Nagytőke,46.75716667,20.28766667
Nagyút,47.72116667,20.17466667
Nagyvarsány,48.1635,22.28583333
Nagyváty,46.06216667,17.9335
Nagyvázsony,46.983,17.698
Nagyvejke,46.379,18.44783333
Nagyveleg,47.36133333,18.11033333
Nagyvenyim,46.852,18.91083333
Nagyvisnyó,48.14116667,20.427
Nak,46.48366667,18.05483333
Napkor,47.94283333,21.86966667
Nárai,47.19333333,16.55416667
Narda,47.23616667,16.46166667
Naszály,47.69783333,18.25716667
Négyes,47.70233333,20.68516667
Nekézseny,48.16966667,20.429
Nemesapáti,46.8685,16.95083333
Nemesbikk,47.88866667,20.969
Nemesborzova,47.96316667,22.85366667
Nemesbőd,47.26916667,16.73566667
Nemesbük,46.82516667,17.14533333
Nemescsó,47.35033333,16.61716667
Nemesdéd,46.4345,17.24316667
Nemesgörzsöny,47.39666667,17.36366667
Nemesgulács,46.83533333,17.48466667
Nemeshany,47.07016667,17.369
Nemeshetés,46.8005,16.914
Nemeske,46.021,17.71633333
Nemeskér,47.48416667,16.80433333
Nemeskeresztúr,47.09233333,17.19383333
Nemeskisfalud,46.4405,17.367
Nemeskocs,47.2015,17.18883333
Nemeskolta,47.07633333,16.63833333
Nemesládony,47.40166667,16.88866667
Nemesmedves,46.997,16.4025
Nemesnádudvar,46.34016667,19.053
Nemesnép,46.70133333,16.4595
Nemespátró,46.32516667,17.00466667
Nemesrádó,46.7785,16.99633333
Nemesrempehollós,47.09433333,16.68383333
Nemessándorháza,46.78633333,16.95183333
Nemesvámos,47.05383333,17.87233333
Nemesvid,46.49033333,17.253
Nemesvita,46.82316667,17.36833333
Nemesszalók,47.277,17.30016667
Nemesszentandrás,46.77483333,16.9455
Németbánya,47.2175,17.64516667
Németfalu,46.8165,16.68816667
Németkér,46.71833333,18.7645
Nemti,48.0075,19.89983333
Neszmély,47.73583333,18.35866667
Nézsa,47.84533333,19.29633333
Nick,47.40266667,17.02
Nikla,46.5805,17.5145
Nógrád,47.905,19.051
Nógrádkövesd,47.879,19.373
Nógrádmarcal,48.02683333,19.388
Nógrádmegyer,48.06866667,19.6265
Nógrádsáp,47.84,19.35583333
Nógrádsipek,48.00833333,19.50283333
Nógrádszakál,48.18283333,19.528
Nóráp,47.27216667,17.46016667
Noszlop,47.1825,17.4595
Noszvaj,47.93633333,20.477
Nova,46.68733333,16.68016667
Novaj,47.8575,20.48333333
Novajidrány,48.39683333,21.16783333
Nőtincs,47.8835,19.13983333
Nyalka,47.5425,17.81016667
Nyárád,47.28316667,17.36316667
Nyáregyháza,47.26133333,19.502
Nyárlőrinc,46.85966667,19.8765
Nyársapát,47.10033333,19.80183333
Nyékládháza,47.99416667,20.84116667
Nyergesújfalu,47.7565,18.54566667
Nyésta,48.37183333,20.952
Nyim,46.8025,18.10766667
Nyírábrány,47.547,22.01783333
Nyíracsád,47.60183333,21.9745
Nyirád,47.00416667,17.451
Nyíradony,47.69133333,21.90716667
Nyírbátor,47.83716667,22.1295
Nyírbéltek,47.69816667,22.1285
Nyírbogát,47.80183333,22.06333333
Nyírbogdány,48.05716667,21.8725
Nyírcsaholy,47.904,22.33733333
Nyírcsászári,47.8685,22.1745
Nyírderzs,47.89866667,22.16283333
Nyíregyháza,48.12416667,21.47233333
Nyírgelse,47.763,21.978
Nyírgyulaj,47.88616667,22.0915
Nyíri,48.499,21.4445
Nyíribrony,48.01716667,21.96383333
Nyírjákó,48.03133333,22.0765
Nyírkarász,48.09683333,22.09883333
Nyírkáta,47.8655,22.24466667
Nyírkércs,48.014,22.048
Nyírlövő,48.20416667,22.18883333
Nyírlugos,47.6945,22.04083333
Nyírmada,48.06383333,22.199
Nyírmártonfalva,47.58633333,21.90516667
Nyírmeggyes,47.91383333,22.26516667
Nyírmihálydi,47.73416667,21.96766667
Nyírparasznya,48.0235,22.2675
Nyírpazony,47.98116667,21.79833333
Nyírpilis,47.78283333,22.1915
Nyírtass,48.11466667,22.02583333
Nyírtelek,48.0425,21.35033333
Nyírtét,48.0045,21.9245
Nyírtura,48.015,21.831
Nyírvasvári,47.821,22.1875
Nyomár,48.27633333,20.82133333
Nyőgér,47.18183333,16.9375
Nyugotszenterzsébet,46.07616667,17.91083333
Nyúl,47.585,17.68816667
Óbánya,46.222,18.408
Óbarok,47.49483333,18.5665
Óbudavár,46.938,17.69166667
Ócsa,47.29733333,19.2325
Ócsárd,45.93283333,18.15483333
Ófalu,46.22033333,18.53383333
Ófehértó,47.93416667,22.047
Óföldeák,46.29866667,20.43883333
Óhid,46.96233333,17.1725
Okány,46.89916667,21.35016667
Okorág,45.9265,17.87783333
Okorvölgy,46.15166667,18.06216667
Olasz,46.01083333,18.41583333
Olaszfa,47.01566667,16.88533333
Olaszfalu,47.24316667,17.91183333
Olaszliszka,48.24333333,21.43066667
Olcsva,48.08766667,22.33033333
Olcsvaapáti,48.089,22.35133333
Old,45.78933333,18.35516667
Ólmod,47.41433333,16.59
Oltárc,46.53,16.835
Onga,48.121,20.90883333
Ónod,48.00233333,20.91633333
Ópályi,47.99683333,22.3205
Ópusztaszer,46.497,20.06633333
Orbányosfa,46.852,16.98366667
Orci,46.406,17.87433333
Ordacsehi,46.741,17.62333333
Ordas,46.63716667,18.948
Orfalu,46.88016667,16.26933333
Orfű,46.137,18.157
Orgovány,46.75083333,19.47533333
Ormándlak,46.76,16.754
Ormosbánya,48.3325,20.65116667
Orosháza,46.56433333,20.67233333
Oroszi,47.15533333,17.417
Oroszlány,47.48666667,18.31533333
Oroszló,46.219,18.12383333
Orosztony,46.62533333,17.06133333
Ortaháza,46.62316667,16.68216667
Osli,47.6405,17.07483333
Ostffyasszonyfa,47.32866667,17.044
Ostoros,47.86516667,20.43366667
Oszkó,47.04666667,16.876
Oszlár,47.8745,21.034
Osztopán,46.52,17.671
Ózd,48.22166667,20.29433333
Ózdfalu,45.9295,18.02383333
Ozmánbük,46.9215,16.67533333
Ozora,46.75183333,18.4
Öcs,47.00116667,17.61316667
Őcsény,46.31416667,18.75883333
Öcsöd,46.90266667,20.39233333
Ököritófülpös,47.91883333,22.5095
Ölbő,47.30016667,16.86316667
Ömböly,47.78283333,22.1915
Őr,47.97466667,22.1875
Őrbottyán,47.68683333,19.28516667
Öregcsertő,46.51533333,19.112
Öreglak,46.6065,17.62966667
Őrhalom,48.07633333,19.40516667
Őrimagyarósd,46.889,16.537
Őriszentpéter,46.845,16.42216667
Örkény,47.12916667,19.43233333
Örményes,47.19316667,20.58066667
Örménykút,46.83116667,20.73816667
Őrtilos,46.28216667,16.927
Örvényes,46.9145,17.8155
Ősagárd,47.859,19.1935
Ősi,47.154,18.19033333
Öskü,47.16616667,18.07616667
Öttevény,47.72516667,17.4905
Öttömös,46.28133333,19.68266667
Ötvöskónyi,46.287,17.36266667
Pácin,48.329,21.83583333
Pacsa,46.71966667,17.01316667
Pácsony,47.01683333,16.85733333
Padár,46.85233333,17.01733333
Páhi,46.71316667,19.38933333
Páka,46.5915,16.65
Pakod,46.95833333,17.0045
Pákozd,47.21633333,18.544
Paks,46.628,18.8555
Palé,46.26133333,18.06483333
Pálfa,46.71383333,18.60883333
Pálfiszeg,46.7815,16.73066667
Pálháza,48.47183333,21.51133333
Páli,47.47566667,17.16933333
Palkonya,45.896,18.39266667
Pálmajor,46.38216667,17.5705
Pálmonostora,46.62733333,19.94566667
Palotabozsok,46.12733333,18.644
Palotás,47.7955,19.59716667
Paloznak,46.98416667,17.941
Pamlény,48.49383333,20.93066667
Pamuk,46.55183333,17.6395
Pánd,47.35116667,19.63716667
Pankasz,46.83933333,16.50133333
Pannonhalma,47.55033333,17.75133333
Pányok,48.529,21.35033333
Panyola,48.0435,22.39733333
Pap,48.218,22.14333333
Pápa,47.32816667,17.47033333
Pápadereske,47.29366667,17.40133333
Pápakovácsi,47.265,17.4895
Pápasalamon,47.2305,17.4225
Pápateszér,47.382,17.7015
Papkeszi,47.08966667,18.0845
Pápoc,47.41333333,17.13516667
Papos,47.985,22.2495
Páprád,45.89366667,18.01166667
Parád,47.92366667,20.03166667
Parádsasvár,47.91216667,19.97916667
Parasznya,48.16883333,20.64283333
Paszab,48.17433333,21.4965
Pásztó,47.92,19.69716667
Pásztori,47.556,17.27366667
Pat,46.43833333,17.18466667
Patak,48.021,19.14983333
Patalom,46.44933333,17.922
Patapoklosi,46.07383333,17.752
Patca,46.2845,17.72533333
Pátka,47.27716667,18.49383333
Patosfa,46.12833333,17.66816667
Pátroha,48.17633333,21.99733333
Patvarc,48.067,19.347
Páty,47.5165,18.82816667
Pátyod,47.86933333,22.61233333
Pázmánd,47.289,18.65383333
Pázmándfalu,47.5695,17.78616667
Pécel,47.48766667,19.34433333
Pecöl,47.2035,16.82216667
Pécs,46.08016667,18.2475
Pécsbagota,45.99133333,18.07516667
Pécsdevecser,45.95816667,18.38583333
Pécsely,46.95566667,17.7855
Pécsudvard,46.0105,18.279
Pécsvárad,46.15966667,18.4215
Pellérd,46.034,18.15583333
Pély,47.49033333,20.34416667
Penc,47.8035,19.25083333
Penészlek,47.638,22.15066667
Pénzesgyőr,47.23166667,17.78866667
Penyige,47.99716667,22.566
Pér,47.613,17.80433333
Perbál,47.59083333,18.75916667
Pere,48.28433333,21.1235
Perecse,48.5025,20.98783333
Pereked,46.094,18.37866667
Perenye,47.29316667,16.57633333
Peresznye,47.42466667,16.6525
Pereszteg,47.59366667,16.733
Perkáta,47.04883333,18.792
Perkupa,48.47316667,20.689
Perőcsény,47.99566667,18.86733333
Peterd,45.97233333,18.3625
Péterhida,46.00833333,17.36116667
Péteri,47.38816667,19.40833333
Pétervására,48.0195,20.09966667
Pétfürdő,47.16033333,18.12066667
Pethőhenye,46.87733333,16.91683333
Petneháza,48.0555,22.08183333
Petőfibánya,47.7665,19.70233333
Petőfiszállás,46.62216667,19.862
Petőháza,47.59933333,16.89733333
Petőmihályfa,46.98266667,16.78716667
Petrikeresztúr,46.73816667,16.724
Petrivente,46.43916667,16.84216667
Pettend,46.00016667,17.70316667
Piliny,48.13816667,19.60166667
Pilis,47.28416667,19.5455
Pilisborosjenő,47.60733333,18.993
Piliscsaba,47.63366667,18.83
Piliscsév,47.6755,18.82016667
Pilisjászfalu,47.65683333,18.79316667
Pilismarót,47.78433333,18.87566667
Pilisvörösvár,47.61916667,18.9105
Pilisszántó,47.6685,18.887
Pilisszentiván,47.61166667,18.89483333
Pilisszentkereszt,47.69383333,18.903
Pilisszentlászló,47.723,18.98766667
Pincehely,46.68,18.43866667
Pinkamindszent,47.039,16.48333333
Pinnye,47.5875,16.76833333
Piricse,47.76883333,22.14633333
Pirtó,46.51483333,19.43333333
Piskó,45.8105,17.93916667
Pitvaros,46.32033333,20.73933333
Pócsa,45.91,18.474
Pocsaj,47.28416667,21.81766667
Pócsmegyer,47.717,19.09733333
Pócspetri,47.88233333,21.99383333
Pogány,45.98033333,18.26266667
Pogányszentpéter,46.38433333,17.06216667
Pókaszepetk,46.92433333,16.96983333
Polány,46.5595,17.77516667
Polgár,47.868,21.1135
Polgárdi,47.06066667,18.3025
Pomáz,47.64316667,19.03283333
Porcsalma,47.87933333,22.56883333
Pornóapáti,47.15616667,16.4685
Poroszló,47.64616667,20.65483333
Porpác,47.24066667,16.80333333
Porrog,46.29016667,17.03516667
Porrogszentkirály,46.27433333,17.0405
Porrogszentpál,46.286,17.01683333
Pórszombat,46.72916667,16.5775
Porva,47.31083333,17.81566667
Pósfa,47.3295,16.855
Potony,45.9315,17.653
Potyond,47.5505,17.18266667
Pölöske,46.75183333,16.925
Pölöskefő,46.60316667,16.94783333
Pörböly,46.20616667,18.81316667
Pördefölde,46.58783333,16.709
Pötréte,46.67983333,16.9525
Prügy,48.08366667,21.246
Pula,46.9975,17.64616667
Pusztaapáti,46.76333333,16.61116667
Pusztaberki,47.9775,19.16766667
Pusztacsalád,47.48583333,16.904
Pusztacsó,47.33516667,17.00516667
Pusztadobos,48.059,22.22883333
Pusztaederics,46.64033333,16.80016667
Pusztafalu,48.54616667,21.48866667
Pusztaföldvár,46.53133333,20.80683333
Pusztahencse,46.59266667,18.72133333
Pusztakovácsi,46.54416667,17.57233333
Pusztamagyaród,46.60216667,16.8285
Pusztamérges,46.32766667,19.68683333
Pusztamiske,47.06233333,17.44983333
Pusztamonostor,47.5575,19.79616667
Pusztaottlaka,46.5395,21.00833333
Pusztaradvány,48.469,21.135
Pusztaszabolcs,47.1415,18.76383333
Pusztaszemes,46.7695,17.92383333
Pusztaszentlászló,46.63833333,16.84316667
Pusztaszer,46.55033333,19.98966667
Pusztavacs,47.1725,19.50233333
Pusztavám,47.43033333,18.22816667
Pusztazámor,47.40416667,18.78483333
Putnok,48.29083333,20.43633333
Püski,47.88533333,17.40766667
Püspökhatvan,47.77583333,19.367
Püspökladány,47.28366667,21.173
Püspökmolnári,47.0905,16.793
Püspökszilágy,47.73966667,19.31966667
Rábacsanak,47.52666667,17.29133333
Rábacsécsény,47.58833333,17.42383333
Rábagyarmat,46.94216667,16.42133333
Rábahidvég,47.07166667,16.746
Rábakecöl,47.4335,17.11533333
Rábapatona,47.6295,17.48266667
Rábapaty,47.30583333,16.9305
Rábapordány,47.56,17.32983333
Rábasebes,47.441,17.24366667
Rábaszentandrás,47.45983333,17.33
Rábaszentmihály,47.57816667,17.4345
Rábaszentmiklós,47.5395,17.41916667
Rábatamási,47.58833333,17.17183333
Rábatöttös,47.13133333,16.81
Rábcakapi,47.70833333,17.2765
Rácalmás,47.02516667,18.94333333
Ráckeresztúr,47.27666667,18.82933333
Ráckeve,47.15833333,18.94483333
Rád,47.79333333,19.22183333
Rádfalva,45.86033333,18.1275
Rádóckölked,47.078,16.59116667
Radostyán,48.17933333,20.65316667
Ragály,48.4065,20.52016667
Rajka,47.99683333,17.19766667
Rakaca,48.46283333,20.88783333
Rakacaszend,48.4625,20.838
Rakamaz,48.12383333,21.46766667
Rákóczifalva,47.093,20.22816667
Rákocziújfalu,47.06116667,20.26633333
Ráksi,46.51533333,17.92333333
Ramocsa,46.77683333,16.44666667
Ramocsaháza,48.04133333,21.98583333
Rápolt,48.05583333,22.8805
Raposka,46.84866667,17.4265
Rásonysápberencs,48.3095,20.99933333
Rátka,48.21433333,21.23066667
Rátót,46.96566667,16.42983333
Ravazd,47.513,17.75266667
Recsk,47.9325,20.1105
Réde,47.42783333,17.916
Rédics,46.61633333,16.478
Regéc,48.394,21.33666667
Regenye,45.97,18.17066667
Regöly,46.57833333,18.38966667
Rém,46.24716667,19.14366667
Répáshuta,48.04833333,20.52833333
Répcelak,47.42116667,17.0175
Répceszemere,47.42683333,16.97466667
Répceszentgyörgy,47.35083333,16.848
Répcevis,47.44116667,16.6745
Resznek,46.66333333,16.47483333
Rétalap,47.60883333,17.9065
Rétközberencs,48.20366667,22.00816667
Rétság,47.92933333,19.13866667
Révfülöp,46.82833333,17.62816667
Révleányvár,48.32366667,22.04216667
Rezi,46.84233333,17.221
Ricse,48.32583333,21.9715
Rigács,47.065,17.21666667
Rigyác,46.4675,16.864
Rimóc,48.03683333,19.52883333
Rinyabesenyő,46.16683333,17.52083333
Rinyakovácsi,46.28316667,17.5985
Rinyaszentkirály,46.1515,17.394
Rinyaújlak,46.08416667,17.4215
Rinyaújnép,46.08116667,17.35433333
Rohod,48.02833333,22.134
Románd,47.0915,17.911
Romhány,47.92283333,19.26566667
Romonya,46.08766667,18.34033333
Rózsafa,46.0225,17.89083333
Rozsály,47.924,22.801
Rózsaszentmárton,47.78566667,19.7415
Röjtökmuzsaj,47.55666667,16.83566667
Rönök,46.98016667,16.35266667
Röszke,46.18633333,20.03633333
Rudabánya,48.37616667,20.6205
Rudolftelep,48.31066667,20.67266667
Rum,47.12833333,16.8455
Ruzsa,46.28916667,19.7485
Ságújfalu,48.10616667,19.67866667
Ságvár,46.83683333,18.103
Sajóbábony,48.1715,20.73216667
Sajóecseg,48.19083333,20.7755
Sajógalgóc,48.294,20.53183333
Sajóhidvég,48.0035,20.949
Sajóivánka,48.26616667,20.57916667
Sajókápolna,48.19583333,20.6865
Sajókaza,48.28666667,20.58566667
Sajókeresztúr,48.168,20.77583333
Sajólád,48.041,20.90366667
Sajólászlófalva,48.184,20.67666667
Sajómercse,48.248,20.41533333
Sajónémeti,48.27083333,20.3825
Sajóörös,47.95416667,21.02166667
Sajópálfala,48.16366667,20.846
Sajópetri,48.036,20.88916667
Sajópüspöki,48.28083333,20.34283333
Sajósenye,48.1965,20.82083333
Sajószentpéter,48.21833333,20.712
Sajószöged,47.98333333,20.95216667
Sajóvámos,48.1815,20.83283333
Sajóvelezd,48.27283333,20.463
Sajtoskál,47.40366667,16.85483333
Salföld,46.83516667,17.549
Salgótarján,48.111,19.81466667
Salköveskút,47.29833333,16.69533333
Salomvár,46.85083333,16.66133333
Sály,47.95033333,20.66333333
Sámod,45.85366667,18.04033333
Sámsonháza,47.987,19.72116667
Sand,46.42216667,17.12666667
Sándorfalva,46.36333333,20.106
Sántos,46.3465,17.883
Sáp,47.25466667,21.35833333
Sáránd,47.406,21.63
Sárazsadány,48.27183333,21.50083333
Sárbogárd,46.887,18.6225
Sáregres,46.7805,18.59516667
Sárfimizdó,46.94383333,16.71666667
Sárhida,46.757,16.843
Sárisáp,47.66916667,18.67666667
Sarkad,46.739,21.377
Sarkadkeresztúr,46.81183333,21.383
Sárkeresztes,47.253,18.35633333
Sárkeresztúr,47.00266667,18.5535
Sárkeszi,47.15883333,18.2865
Sármellék,46.7125,17.17033333
Sárok,45.84133333,18.6145
Sárosd,47.04166667,18.652
Sárospatak,48.395,21.65633333
Sárpilis,46.24883333,18.74283333
Sárrétudvari,47.201,21.2405
Sarród,47.6345,16.86116667
Sárszentágota,46.97066667,18.56766667
Sárszentlőrinc,46.62566667,18.6075
Sárszentmihály,47.253,18.35633333
Sarud,47.58966667,20.59483333
Sárvár,47.25433333,16.93083333
Sásd,46.254,18.10666667
Sáska,46.9365,17.47766667
Sáta,48.185,20.39616667
Sátoraljaújhely,48.39666667,21.65566667
Sátorhely,45.9405,18.6345
Sávoly,46.59283333,17.269
Sé,47.243,16.55616667
Segesd,46.344,17.35033333
Selyeb,48.33883333,20.95466667
Sellye,45.87316667,17.853
Semjén,48.35066667,21.973
Semjénháza,46.39783333,16.84816667
Sénye,46.89533333,17.135
Sényő,48.00116667,21.87583333
Seregélyes,47.11283333,18.58
Serényfalva,48.31,20.38783333
Sérsekszőlős,46.7655,18.0165
Sikátor,47.435,17.85183333
Siklós,45.8575,18.30133333
Siklósbodony,45.91033333,18.12333333
Siklósnagyfalu,45.81966667,18.36633333
Sima,48.29883333,21.30383333
Simaság,47.4285,16.84066667
Simonfa,46.2835,17.82616667
Simontornya,46.75766667,18.5455
Sióagárd,46.3925,18.65616667
Siófok,46.909,18.06533333
Siójut,46.87883333,18.13816667
Sirok,47.92966667,20.19883333
Sitke,47.24366667,17.02533333
Sobor,47.4775,17.37466667
Sokorópátka,47.49183333,17.69516667
Solt,46.802,19.00266667
Soltszentimre,46.77266667,19.28383333
Soltvadkert,46.579,19.39383333
Sóly,47.12983333,18.03266667
Solymár,47.59116667,18.9305
Som,46.8045,18.14266667
Somberek,46.07983333,18.66283333
Somlójenő,47.1245,17.35466667
Somlószőlős,47.17333333,17.35783333
Somlóvásárhely,47.12016667,17.37933333
Somlóvecse,47.19433333,17.35233333
Somodor,46.47483333,17.84366667
Somogyacsa,46.59066667,17.95566667
Somogyapáti,46.09166667,17.75133333
Somogyaracs,46.05383333,17.39183333
Somogyaszaló,46.45533333,17.807
Somogybabod,46.6785,17.77566667
Somogybükkösd,46.30266667,16.99283333
Somogycsicsó,46.309,17.13433333
Somogydöröcske,46.58783333,18.007
Somogyegres,46.6765,18.0285
Somogyfajsz,46.50633333,17.56966667
Somogygeszti,46.5225,17.78166667
Somogyhárságy,46.16066667,17.774
Somogyhatvan,46.11266667,17.7155
Somogyjád,46.49116667,17.718
Somogymeggyes,46.71683333,17.91216667
Somogysámson,46.59133333,17.3
Somogysárd,46.413,17.59733333
Somogysimonyi,46.48766667,17.20983333
Somogyszentpál,46.64,17.478
Somogyszil,46.51483333,18.00183333
Somogyszob,46.29216667,17.29833333
Somogytúr,46.708,17.76666667
Somogyudvarhely,46.1755,17.19016667
Somogyvámos,46.56983333,17.68533333
Somogyvár,46.582,17.65083333
Somogyviszló,46.115,17.76716667
Somogyzsitfa,46.55583333,17.29566667
Sonkád,47.94983333,22.59016667
Soponya,47.01166667,18.45616667
Sopron,47.6835,16.57983333
Sopronhorpács,47.4835,16.736
Sopronkövesd,47.547,16.74183333
Sopronnémeti,47.538,17.20833333
Sorkifalud,47.13516667,16.73833333
Sorkikápolna,47.13883333,16.70683333
Sormás,46.459,16.9175
Sorokpolány,47.13566667,16.67183333
Sóshartyán,48.0725,19.68433333
Sóskút,47.4055,18.83083333
Sóstófalva,48.15633333,20.98933333
Sósvertike,45.83516667,17.86416667
Sótony,47.19766667,16.9495
Söjtör,46.6705,16.85866667
Söpte,47.28366667,16.653
Söréd,47.32283333,18.27966667
Sukoró,47.24,18.59983333
Sumony,45.969,17.918
Súr,47.36633333,18.02883333
Surd,46.32116667,16.97183333
Sükösd,46.28483333,18.99716667
Sülysáp,47.45033333,19.53816667
Sümeg,46.9785,17.2845
Sümegcsehi,46.94433333,17.21783333
Sümegprága,46.94233333,17.27933333
Süttő,47.75566667,18.44583333
Szabadbattyán,47.11666667,18.36666667
Szabadegyháza,47.0765,18.692
Szabadhidvég,46.82316667,18.282
Szabadi,46.367,18.03333333
Szabadkígyós,46.60183333,21.076
Szabadszállás,46.87633333,19.22166667
Szabadszentkirály,46.00883333,18.044
Szabás,46.28716667,17.44933333
Szabolcs,48.17433333,21.4965
Szabolcsbáka,48.15566667,22.14516667
Szabolcsveresmart,48.289,22.02
Szada,47.63533333,19.31216667
Szágy,46.22333333,17.9425
Szajk,45.99216667,18.53583333
Szajla,47.962,20.141
Szajol,47.17783333,20.30433333
Szakácsi,48.38216667,20.86266667
Szakadát,46.53966667,18.4725
Szakáld,47.9435,20.90716667
Szakály,46.52333333,18.37983333
Szakcs,46.54183333,18.11016667
Szakmár,46.55566667,19.077
Szaknyér,46.86433333,16.5285
Szakoly,47.76133333,21.90133333
Szakony,47.42666667,16.71583333
Szakonyfalu,46.92416667,16.2285
Szákszend,47.54783333,18.17333333
Szalafő,46.86483333,16.362
Szalánta,45.949,18.24516667
Szalapa,46.99333333,17.14633333
Szalaszend,48.38516667,21.12766667
Szalatnak,46.28916667,18.282
Szálka,46.28266667,18.63366667
Szalkszentmárton,46.97683333,19.01366667
Szalmatercs,48.12366667,19.63716667
Szalonna,48.451,20.7405
Szamosangyalos,47.87366667,22.65183333
Szamosbecs,47.85983333,22.691
Szamoskér,48.017,22.417
Szamossályi,47.90483333,22.6295
Szamostatárfalva,47.877,22.6685
Szamosújlak,47.91733333,22.58733333
Szamosszeg,48.042,22.36833333
Szanda,47.929,19.4425
Szank,46.55466667,19.66983333
Szántód,46.86883333,17.906
Szany,47.46383333,17.30316667
Szápár,47.319,18.03916667
Szaporca,45.81483333,18.1055
Szár,47.4765,18.51966667
Szárász,46.348,18.37416667
Szárazd,46.57283333,18.42533333
Szárföld,47.593,17.12266667
Szárliget,47.51833333,18.49516667
Szarvas,46.86566667,20.55583333
Szarvasgede,47.82066667,19.64266667
Szarvaskend,46.99,16.6785
Szászberek,47.31683333,20.10466667
Szászfa,48.471,20.94316667
Szászvár,46.27433333,18.379
Szatmárcseke,48.08683333,22.62983333
Szátok,47.95616667,19.23716667
Szatta,46.799,16.48133333
Szatymaz,46.34283333,20.04366667
Szava,45.90283333,18.1775
Százhalombatta,47.305,18.91316667
Szebény,46.131,18.59
Szécsénke,47.90516667,19.3345
Szécsény,48.0785,19.52
Szécsényfelfalu,48.14566667,19.56933333
Szécsisziget,46.574,16.59383333
Szederkény,45.9985,18.45516667
Szedres,46.47683333,18.68433333
Szeged,46.24916667,20.16283333
Szegerdő,46.63383333,17.27683333
Szeghalom,47.02216667,21.17733333
Szegi,48.19666667,21.38216667
Szegilong,48.21716667,21.39883333
Szegvár,46.58316667,20.2255
Székely,48.0585,21.94233333
Székelyszabar,46.0465,18.60433333
Székesfehérvár,47.29083333,18.3265
Székkutas,46.50616667,20.53983333
Szekszárd,46.35233333,18.70366667
Szeleste,47.31116667,16.8305
Szelevény,46.80116667,20.2015
Szellő,46.07416667,18.4645
Szemely,46.00783333,18.32916667
Szemenye,47.10266667,16.90833333
Szemere,48.35266667,21.36633333
Szendehely,47.85616667,19.10533333
Szendrő,48.40066667,20.7335
Szendrőlád,48.34066667,20.7465
Szenna,46.30783333,17.7325
Szenta,46.25166667,17.17233333
Szentantalfa,46.9135,17.67366667
Szentbalázs,46.32083333,17.89683333
Szentbékkálla,46.8885,17.564
Szentborbás,45.87366667,17.66083333
Szentdénes,46.00766667,17.92966667
Szentdomonkos,48.07033333,20.203
Szente,47.9695,19.28833333
Szentegát,45.9755,17.82683333
Szentendre,47.683,19.0635
Szentes,46.65633333,20.26183333
Szentgál,47.11366667,17.73383333
Szentgáloskér,46.5035,17.88466667
Szentgotthárd,46.951,16.27616667
Szentgyörgyvár,46.75883333,17.1325
Szentgyörgyvölgy,46.72566667,16.4095
Szentimrefalva,47.07716667,17.281
Szentistván,47.77666667,20.6385
Szentistvánbaksa,48.22316667,21.0295
Szentjakabfa,46.93433333,17.67683333
Szentkatalin,46.177,18.05366667
Szentkirály,46.9195,19.91816667
Szentkirályszabadja,47.05866667,17.97133333
Szentkozmadombja,46.67983333,16.76333333
Szentlászló,46.155,17.8365
Szentliszló,46.58,16.82416667
Szentlőrinc,46.0395,17.98983333
Szentlőrinckáta,47.51883333,19.75483333
Szentmargitfalva,46.49533333,16.66166667
Szentmártonkáta,47.4455,19.69283333
Szentpéterfa,47.0935,16.48583333
Szentpéterfölde,46.617,16.76066667
Szentpéterszeg,47.23433333,21.6175
Szentpéterúr,46.75816667,17.03983333
Szenyér,46.46366667,17.371
Szepetnek,46.4325,16.902
Szerecseny,47.46316667,17.5525
Szeremle,46.14266667,18.88
Szerencs,48.16266667,21.19866667
Szerep,47.192,21.19366667
Szergény,47.331,17.26983333
Szigetbecse,47.13,18.9495
Szigetcsép,47.26816667,18.96383333
Szigethalom,47.32133333,19.01
Szigetmonostor,47.68733333,19.106
Szigetszentmárton,47.22883333,18.9595
Szigetszentmiklós,47.33966667,19.04133333
Szigetújfalu,47.23366667,18.92866667
Szigetvár,46.04816667,17.79783333
Szigliget,46.79566667,17.435
Szihalom,47.77283333,20.48566667
Szijártóháza,46.634,16.43833333
Szikszó,48.19566667,20.92966667
Szil,47.49783333,17.23566667
Szilágy,46.10316667,18.40783333
Szilaspogony,48.1175,20.02283333
Szilsárkány,47.53933333,17.25766667
Szilvágy,46.73366667,16.62683333
Szilvás,45.961,18.20183333
Szilvásvárad,48.10266667,20.38783333
Szilvásszentmárton,46.26866667,17.72366667
Szin,48.498,20.6645
Szinpetri,48.48616667,20.6275
Szirák,47.83016667,19.53283333
Szirmabesenyő,48.15266667,20.798
Szob,47.8185,18.8675
Szokolya,47.86816667,19.00383333
Szólád,46.7865,17.84266667
Szolnok,47.17933333,20.1875
Szombathely,47.2335,16.62033333
Szomód,47.68083333,18.33683333
Szomolya,47.89133333,20.49533333
Szomor,47.59266667,18.6655
Szorosad,46.60283333,18.025
Szőc,47.02083333,17.5155
Szőce,46.88683333,16.57033333
Sződ,47.72033333,19.18066667
Sződliget,47.73166667,19.15266667
Szögliget,48.523,20.68083333
Szőke,45.95983333,18.18833333
Szőkéd,45.96566667,18.29016667
Szőkedencs,46.56,17.24916667
Szőlősardó,48.4435,20.62783333
Szőlősgyörök,46.70866667,17.67616667
Szörény,45.96883333,17.68416667
Szúcs,48.04733333,20.249
Szuha,47.975,19.9155
Szuhafő,48.41,20.45233333
Szuhakálló,48.28233333,20.65483333
Szuhogy,48.38583333,20.67716667
Szulimán,46.12683333,17.8055
Szulok,46.05066667,17.5525
Szurdokpüspöki,47.8585,19.69533333
Szűcsi,47.80333333,19.76566667
Szügy,48.0385,19.33
Szűr,46.09966667,18.58216667
Tab,46.73166667,18.035
Tabajd,47.40116667,18.63566667
Tabdi,46.6855,19.30933333
Táborfalva,47.10033333,19.48216667
Tác,47.08283333,18.401
Tagyon,46.9035,17.6815
Tahitótfalu,47.75316667,19.0915
Takácsi,47.39966667,17.46933333
Tákos,48.15416667,22.4265
Taksony,47.32883333,19.069
Taktabáj,48.06383333,21.312
Taktaharkány,48.08916667,21.13
Taktakenéz,48.0505,21.21866667
Taktaszada,48.10916667,21.17416667
Taliándörögd,46.978,17.57066667
Tállya,48.23533333,21.2285
Tamási,46.63683333,18.28583333
Tanakajd,47.19233333,16.7365
Táp,47.51716667,17.83083333
Tápióbicske,47.3615,19.6895
Tápiógyörgye,47.33666667,19.95033333
Tápióság,47.40166667,19.6295
Tápiószecső,47.4495,19.60933333
Tápiószele,47.33383333,19.88166667
Tápiószentmárton,47.3385,19.74933333
Tápiószőlős,47.29833333,19.844
Táplánszentkereszt,47.19733333,16.702
Tapolca,46.88566667,17.43983333
Tapsony,46.45466667,17.33683333
Tápszentmiklós,47.49466667,17.85366667
Tar,47.95183333,19.745
Tarany,46.1805,17.31
Tarcal,48.13166667,21.3445
Tard,47.88133333,20.59766667
Tardona,48.17016667,20.532
Tardos,47.659,18.445
Tarhos,46.81083333,21.21383333
Tarján,47.611,18.51166667
Tarjánpuszta,47.50583333,17.79
Tárkány,47.59033333,18.00283333
Tarnabod,47.68433333,20.22666667
Tarnalelesz,48.059,20.18266667
Tarnaméra,47.65416667,20.15633333
Tarnaörs,47.59783333,20.05583333
Tarnaszentmária,47.87866667,20.20283333
Tarnaszentmiklós,47.52633333,20.385
Tarnazsadány,47.6755,20.1565
Tárnok,47.37433333,18.8465
Tárnokréti,47.722,17.3095
Tarpa,48.106,22.53
Tarrós,46.28166667,18.14433333
Táska,46.617,17.52366667
Tass,47.01633333,19.03016667
Taszár,46.37283333,17.90783333
Tát,47.73783333,18.64366667
Tata,47.64416667,18.33233333
Tatabánya,47.56733333,18.40883333
Tataháza,46.17533333,19.30166667
Tatárszentgyörgy,47.08133333,19.37
Tázlár,46.549,19.5145
Téglás,47.7135,21.67783333
Tékes,46.28733333,18.17583333
Teklafalu,45.95183333,17.731
Telekes,46.94366667,16.76916667
Telekgerendás,46.65766667,20.95216667
Teleki,46.77016667,17.826
Telki,47.54933333,18.82866667
Telkibánya,48.48566667,21.3585
Tengelic,46.52833333,18.71216667
Tengeri,45.92633333,18.08983333
Tengőd,46.7075,18.09666667
Tenk,47.65566667,20.34166667
Tényő,47.542,17.64566667
Tépe,47.32,21.57283333
Terem,47.80016667,22.2785
Terény,47.94733333,19.4415
Tereske,47.951,19.19933333
Teresztenye,48.44666667,20.60633333
Terpes,47.97166667,20.152
Tés,47.25883333,18.0325
Tésa,48.0335,18.84483333
Tésenfa,45.813,18.12
Téseny,45.9525,18.04866667
Teskánd,46.85066667,16.77516667
Tét,47.51866667,17.51316667
Tetétlen,47.3145,21.3075
Tevel,46.41433333,18.45666667
Tibolddaróc,47.92233333,20.63533333
Tiborszállás,47.81616667,22.41
Tihany,46.9095,17.89033333
Tikos,46.63616667,17.29016667
Tilaj,46.80916667,17.04633333
Timár,48.1565,21.4635
Tinnye,47.62083333,18.77816667
Tiszaadony,48.2275,22.29316667
Tiszaalpár,46.81933333,19.99116667
Tiszabábolna,47.6925,20.79516667
Tiszabecs,48.10133333,22.823
Tiszabercel,48.1565,21.64166667
Tiszabezdéd,48.36166667,22.15266667
Tiszabő,47.30966667,20.49116667
Tiszabura,47.44766667,20.46083333
Tiszacsécse,48.11083333,22.74366667
Tiszacsege,47.69616667,20.99066667
Tiszacsermely,48.23616667,21.793
Tiszadada,48.03066667,21.239
Tiszaderzs,47.51016667,20.646
Tiszadob,48.00616667,21.171
Tiszadorogma,47.68383333,20.868
Tiszaeszlár,48.034,21.45866667
Tiszaföldvár,46.96483333,20.249
Tiszafüred,47.6175,20.75583333
Tiszagyenda,47.38233333,20.50983333
Tiszagyulaháza,47.94033333,21.14466667
Tiszaigar,47.53616667,20.79883333
Tiszainoka,46.90116667,20.15366667
Tiszajenő,47.02433333,20.14266667
Tiszakanyár,48.25183333,21.9635
Tiszakarád,48.203,21.71816667
Tiszakécske,46.93416667,20.0985
Tiszakerecseny,48.26016667,22.30116667
Tiszakeszi,47.78833333,20.99266667
Tiszakóród,47.96316667,22.85366667
Tiszakürt,46.883,20.12533333
Tiszaladány,48.0615,21.41033333
Tiszalök,48.01966667,21.3775
Tiszalúc,48.03516667,21.06583333
Tiszamogyorós,48.3215,22.23183333
Tiszanagyfalu,47.95616667,21.366
Tiszanána,47.64216667,20.1925
Tiszaörs,47.51,20.8245
Tiszapalkonya,47.8845,21.05833333
Tiszapüspöki,47.218,20.3205
Tiszarád,48.12266667,21.79783333
Tiszaroff,47.396,20.4415
Tiszasas,46.82,20.08283333
Tiszasüly,47.388,20.39183333
Tiszaszalka,48.1785,22.31516667
Tiszaszentimre,47.48816667,20.72566667
Tiszaszentmárton,48.37866667,22.2245
Tiszasziget,46.173,20.16466667
Tiszatardos,48.041,21.3805
Tiszatarján,47.83233333,21.00316667
Tiszatelek,48.19216667,21.80616667
Tiszatenyő,47.13866667,20.381
Tiszaug,46.85233333,20.056
Tiszaújváros,47.93016667,21.0515
Tiszavalk,47.68966667,20.7325
Tiszavárkony,47.06483333,20.186
Tiszavasvári,47.95616667,21.366
Tiszavid,48.195,22.29516667
Tisztaberek,47.95866667,22.79383333
Tivadar,48.06516667,22.51016667
Tóalmás,47.50916667,19.666
Tófalu,47.77433333,20.239
Tófej,46.672,16.80233333
Tófű,46.31,18.3595
Tokaj,48.1125,21.4125
Tokod,47.7175,18.65566667
Tokodaltáró,47.736,18.67516667
Tokorcs,47.26983333,17.1005
Tolcsva,48.28416667,21.45033333
Told,47.1185,21.6425
Tolmács,47.9295,19.11083333
Tolna,46.42666667,18.7825
Tolnanémedi,46.71733333,18.475
Tomajmonostora,47.43333333,20.70533333
Tomor,48.327,20.88383333
Tompa,46.20466667,19.53466667
Tompaládony,47.3805,16.88233333
Tordas,47.34516667,18.75066667
Tormafölde,46.53783333,16.59383333
Tormás,46.23066667,17.99083333
Tormásliget,47.43216667,16.76966667
Tornabarakony,48.43966667,20.82766667
Tornakápolna,48.46216667,20.61816667
Tornanádaska,48.56233333,20.78683333
Tornaszentandrás,48.5215,20.7795
Tornaszentjakab,48.52316667,20.87116667
Tornyiszentmiklós,46.5185,16.557
Tornyosnémeti,48.5215,21.25566667
Tornyospálca,48.2715,22.1825
Torony,47.23683333,16.53933333
Torvaj,46.76766667,18.04483333
Tószeg,47.10083333,20.14516667
Tótkomlós,46.41183333,20.7385
Tótszentgyörgy,46.0535,17.71983333
Tótszentmárton,46.42083333,16.80516667
Tótszerdahely,46.39983333,16.8
Tótújfalu,45.9025,17.64683333
Tótvázsony,47.0085,17.7885
Tök,47.56266667,18.73266667
Tököl,47.319,18.96866667
Töltéstava,47.62516667,17.73416667
Tömörd,47.36483333,16.677
Tömörkény,46.61716667,20.04583333
Törökbálint,47.43383333,18.91566667
Törökkoppány,46.60133333,18.05083333
Törökszentmiklós,47.1815,20.41733333
Törtel,47.119,19.93416667
Töttös,45.9125,18.54283333
Trizs,48.42616667,20.49483333
Tunyogmatolcs,47.9685,22.45133333
Tura,47.6065,19.602
Túristvándi,48.05316667,22.64433333
Túrkeve,47.072,20.79216667
Túrony,45.90483333,18.23183333
Túrricse,47.97516667,22.76733333
Tuzsér,48.343,22.121
Türje,46.98366667,17.10616667
Tüskevár,47.11833333,17.31383333
Tyukod,47.8885,22.11416667
Udvar,45.9,18.66166667
Udvari,46.594,18.51316667
Ugod,47.31833333,17.60216667
Újbarok,47.4795,18.56033333
Újcsanálos,48.13816667,21.00566667
Újdombrád,48.19433333,21.8705
Újfehértó,47.799,21.68333333
Újhartyán,47.22033333,19.39316667
Újiráz,46.986,21.35766667
Újireg,46.6585,18.1775
Újkenéz,48.248,22.22483333
Újkér,47.45966667,16.82016667
Újkígyós,46.5935,21.027
Újlengyel,47.22883333,19.4535
Újléta,47.4625,21.87416667
Újlőrincfalva,47.628,20.60083333
Újpetre,45.934,18.36633333
Újrónafő,47.81016667,17.203
Újsolt,46.873,19.11933333
Újszalonta,46.8115,21.49183333
Újszász,47.2955,20.078
Újszentiván,46.1855,20.18733333
Újszentmargita,47.72416667,21.10466667
Újszilvás,47.2695,19.91433333
Újtelek,46.5945,19.05683333
Újtikos,47.916,21.17683333
Újudvar,46.5405,16.99033333
Újvárfalva,46.43366667,17.57433333
Ukk,47.04433333,17.213
Und,47.48916667,16.69583333
Úny,47.64116667,18.73733333
Uppony,48.21683333,20.4325
Ura,47.81916667,22.60066667
Uraiújfalu,47.37116667,16.98416667
Úrhida,47.13116667,18.33083333
Úri,47.41533333,19.52583333
Úrkút,47.08316667,17.64366667
Uszka,48.07433333,22.8595
Uszód,46.57083333,18.902
Uzsa,46.89483333,17.3365
Üllés,46.33533333,19.84716667
Üllő,47.38583333,19.347
Üröm,47.598,19.01583333
Vác,47.78383333,19.13483333
Vácduka,47.74533333,19.21566667
Vácegres,47.676,19.367
Váchartyán,47.72666667,19.25583333
Váckisújfalu,47.70566667,19.34883333
Vácrátót,47.70866667,19.236
Vácszentlászló,47.57416667,19.53866667
Vadna,48.27283333,20.55583333
Vadosfa,47.49883333,17.129
Vág,47.44766667,17.212
Vágáshuta,48.4235,21.5395
Vaja,47.99583333,22.17383333
Vajdácska,48.31983333,21.65633333
Vajszló,45.85983333,17.98866667
Vajta,46.71683333,18.66766667
Vál,47.3635,18.67566667
Valkó,47.56333333,19.51066667
Valkonya,46.501,16.81016667
Vállaj,47.76116667,22.37833333
Vállus,46.8445,17.303
Vámosatya,48.19883333,22.4095
Vámoscsalád,47.39116667,16.968
Vámosgyörk,47.68433333,19.92933333
Vámosmikola,47.97933333,18.79216667
Vámosoroszi,47.99333333,22.68283333
Vámospércs,47.52566667,21.902
Vámosújfalu,48.25666667,21.454
Vámosszabadi,47.756,17.64783333
Váncsod,47.20333333,21.6415
Vanyarc,47.82433333,19.45316667
Vanyola,47.383,17.59616667
Várad,45.97433333,17.74833333
Váralja,46.269,18.43216667
Varászló,46.43483333,17.21583333
Váraszó,48.0585,20.1125
Várbalog,47.83616667,17.07383333
Varbó,48.164,20.62316667
Varbóc,48.46433333,20.64583333
Várda,46.45983333,17.7395
Várdomb,46.24916667,18.68783333
Várfölde,46.55683333,16.76416667
Varga,46.24766667,18.14466667
Várgesztes,47.47533333,18.3985
Várkesző,47.42983333,17.316
Várong,46.52833333,18.047
Városföld,46.817,19.7595
Városlőd,47.1445,17.65083333
Várpalota,47.2035,18.141
Varsád,46.52333333,18.52233333
Varsány,48.0405,19.49183333
Várvölgy,46.869,17.298
Vasad,47.32416667,19.40266667
Vasalja,47.01283333,16.5145
Vásárosbéc,46.1825,17.72783333
Vásárosdombó,46.30633333,18.13666667
Vásárosfalu,47.45433333,17.11866667
Vásárosmiske,47.20883333,17.06316667
Vásárosnamény,48.12866667,22.31366667
Vasasszonyfa,47.31066667,16.67166667
Vasboldogasszony,46.94416667,16.87083333
Vasegerszeg,47.37416667,16.923
Vashosszúfalu,47.115,17.0625
Vaskeresztes,47.1935,16.4495
Vaskút,46.10883333,18.98516667
Vasmegyer,48.11233333,21.81583333
Vaspör,46.91716667,16.65016667
Vassurány,47.28416667,16.70616667
Vasvár,47.053,16.80583333
Vaszar,47.405,17.51183333
Vászoly,46.9415,17.75933333
Vasszécseny,47.18183333,16.76883333
Vasszentmihály,46.969,16.40933333
Vasszilvágy,47.30233333,16.75383333
Vát,47.28016667,16.77766667
Vatta,47.92166667,20.74233333
Vázsnok,46.2655,18.12633333
Vécs,47.80783333,20.169
Vecsés,47.40683333,19.26283333
Végegyháza,46.38916667,20.87183333
Vejti,45.80983333,17.9695
Vékény,46.26916667,18.34366667
Vekerd,47.09716667,21.40316667
Velem,47.34583333,16.49133333
Velemér,46.7365,16.36766667
Velence,47.23866667,18.65466667
Velény,45.98166667,18.05433333
Véménd,46.15683333,18.61966667
Vének,47.739,17.75833333
Vép,47.232,16.72483333
Vereb,47.31966667,18.62016667
Veresegyház,47.65183333,19.28366667
Verőce,47.825,19.03766667
Verpelét,47.84583333,20.2285
Verseg,47.72316667,19.54883333
Versend,45.99633333,18.51466667
Vértesacsa,47.37416667,18.57966667
Vértesboglár,47.42966667,18.52483333
Vérteskethely,47.4865,18.0835
Vértessomló,47.511,18.36766667
Vértestolna,47.62633333,18.4575
Vértesszőlős,47.61766667,18.383
Vése,46.4125,17.2925
Veszkény,47.60016667,17.0855
Veszprém,47.0915,17.911
Veszprémfajsz,47.036,17.89566667
Veszprémgalsa,47.097,17.27116667
Veszprémvarsány,47.42683333,17.8295
Vésztő,46.92933333,21.266
Vezseny,47.03166667,20.21933333
Vid,47.21466667,17.33716667
Vigántpetend,46.96583333,17.62983333
Villány,45.86883333,18.456
Villánykövesd,45.8825,18.428
Vilmány,48.41616667,21.23266667
Vilonya,47.11,18.062
Vilyvitány,48.49633333,21.55833333
Vinár,47.30933333,17.2835
Vindornyafok,46.85766667,17.179
Vindornyalak,46.88716667,17.19483333
Vindornyaszőlős,46.8985,17.15466667
Visegrád,47.78516667,18.97033333
Visnye,46.191,17.67866667
Visonta,47.77883333,20.02816667
Viss,48.21883333,21.50616667
Visz,46.72683333,17.784
Viszák,46.8845,16.49783333
Viszló,48.49666667,20.88566667
Visznek,47.643,20.03116667
Vitnyéd,47.58733333,16.98266667
Vízvár,46.0885,17.235
Vizslás,48.05066667,19.824
Vizsoly,48.38533333,21.21616667
Vokány,45.91033333,18.33933333
Vonyarcvashegy,46.75933333,17.31416667
Vöckönd,46.88866667,16.95516667
Völcsej,47.49783333,16.76366667
Vönöck,47.31316667,17.15833333
Vöröstó,46.972,17.72333333
Vörs,46.66316667,17.26883333
Zabar,48.13966667,20.0535
Zádor,45.96183333,17.66016667
Zádorfalva,48.38716667,20.48883333
Zagyvarékas,47.27033333,20.1325
Zagyvaszántó,47.77566667,19.67033333
Záhony,48.40983333,22.18966667
Zajk,46.48333333,16.72216667
Zajta,47.90533333,22.80066667
Zákány,46.26116667,16.94766667
Zákányszék,46.27483333,19.89066667
Zala,46.7405,18.00233333
Zalaapáti,46.73716667,17.1085
Zalabaksa,46.70133333,16.5485
Zalabér,46.97216667,17.03033333
Zalaboldogfa,46.89983333,16.7715
Zalacsány,46.80766667,17.1065
Zalacséb,46.86083333,16.65933333
Zalaegerszeg,46.835,16.8385
Zalaerdőd,47.05733333,17.13833333
Zalagyömörő,47.01816667,17.22666667
Zalahaláp,46.91483333,17.459
Zalaháshágy,46.88866667,16.629
Zalaigrice,46.74783333,17.01016667
Zalaistvánd,46.91833333,16.98166667
Zalakaros,46.56,17.12216667
Zalakomár,46.53483333,17.17933333
Zalaköveskút,46.848,17.14383333
Zalalövő,46.84816667,16.59633333
Zalameggyes,47.08116667,17.22116667
Zalamerenye,46.57516667,17.09733333
Zalasárszeg,46.49466667,17.08216667
Zalaszabar,46.64116667,17.11083333
Zalaszántó,46.88633333,17.22516667
Zalaszegvár,47.098,17.225
Zalaszentbalázs,46.591,16.919
Zalaszentgrót,46.94566667,17.07883333
Zalaszentgyörgy,46.873,16.70433333
Zalaszentiván,46.89216667,16.8995
Zalaszentjakab,46.48666667,17.12983333
Zalaszentlászló,46.8765,17.114
Zalaszentlőrinc,46.917,16.8865
Zalaszentmárton,46.70383333,17.06666667
Zalaszentmihály,46.72716667,16.95166667
Zalaszombatfa,46.63883333,16.44566667
Zaláta,45.81016667,17.89133333
Zalatárnok,46.70183333,16.75866667
Zalaújlak,46.56083333,17.07983333
Zalavár,46.669,17.16233333
Zalavég,47.00766667,17.02783333
Zalkod,48.18666667,21.4655
Zamárdi,46.879,17.94783333
Zámoly,47.31666667,18.41066667
Zánka,46.87416667,17.6885
Zaránk,47.64283333,20.10683333
Závod,46.39516667,18.41716667
Zebecke,46.64333333,16.68616667
Zebegény,47.79966667,18.9125
Zemplénagárd,48.35816667,22.08033333
Zengővárkony,46.173,18.43266667
Zichyújfalu,47.12983333,18.672
Zics,46.67716667,17.981
Ziliz,48.25,20.79233333
Zimány,46.42466667,17.914
Zirc,47.2625,17.8765
Zók,46.0095,18.1
Zomba,46.40983333,18.56933333
Zubogy,48.38016667,20.57816667
Zsadány,46.9225,21.48783333
Zsáka,47.13583333,21.43266667
Zsámbék,47.54716667,18.72083333
Zsámbok,47.54266667,19.6125
Zsana,46.38266667,19.661
Zsarolyán,47.94983333,22.59016667
Zsebeháza,47.51133333,17.1915
Zsédeny,47.34266667,16.9055
Zselickisfalud,46.27366667,17.736
Zselickislak,46.3125,17.8
Zselicszentpál,46.30633333,17.823
Zsennye,47.11383333,16.81566667
Zsira,47.45566667,16.68233333
Zsombó,46.32783333,19.97416667
Zsujta,48.50066667,21.28
Zsurk,48.39883333,22.22333333
